Acc,Sub-CC,Period,Year,Amount,Acc-Index,Position
51101,11 11,4,2020,1773902.49,51101|11 11,413000
51101,11 12,4,2020,1371424.18,51101|11 12,413000
51101,11 13,4,2020,2354055.31,51101|11 13,413000
51101,11 17,4,2020,761552.1,51101|11 17,413000
51101,11 18,4,2020,176457.77,51101|11 18,413000
51101,12 30,4,2020,5168918.14,51101|12 30,413000
51101,12 31,4,2020,7228573.9,51101|12 31,413000
51101,12 35,4,2020,578885.26,51101|12 35,413000
51101,12 3A,4,2020,723776.84,51101|12 3A,413000
51101,12 3B,4,2020,9934.63,51101|12 3B,413000
51101,12 3Z,4,2020,4088574.24,51101|12 3Z,413000
51101,12 40,4,2020,972564.46,51101|12 40,413000
51101,12 92,4,2020,10584098.22,51101|12 92,413000
51101,12 95,4,2020,4588108,51101|12 95,413000
51101,14 30,4,2020,2835450.97,51101|14 30,413000
51101,14 31,4,2020,615365.35,51101|14 31,413000
51101,14 35,4,2020,443478,51101|14 35,413000
51101,14 3N,4,2020,1493703.09,51101|14 3N,413000
51101,14 3S,4,2020,360873.17,51101|14 3S,413000
51101,14 3Z,4,2020,1078165.37,51101|14 3Z,413000
51101,14 40,4,2020,371901.05,51101|14 40,413000
51101,14 92,4,2020,2632881,51101|14 92,413000
51101,15 3G,4,2020,638991.86,51101|15 3G,413000
51101,15 3H,4,2020,1655051.79,51101|15 3H,413000
51101,15 3I,4,2020,24075.35,51101|15 3I,413000
51101,15 92,4,2020,1815283,51101|15 92,413000
51101,42 61,4,2020,958253.47,51101|42 61,413000
51101,42 62,4,2020,1371431.76,51101|42 62,413000
51101,42 63,4,2020,3039879.24,51101|42 63,413000
51101,42 64,4,2020,655515.49,51101|42 64,413000
51101,42 65,4,2020,669322.25,51101|42 65,413000
51101,42 67,4,2020,385773.9,51101|42 67,413000
51101,42 78,4,2020,71278.22,51101|42 78,413000
51101,42 82,4,2020,981818.72,51101|42 82,413000
51101,42 83,4,2020,652372.15,51101|42 83,413000
51101,42 84,4,2020,5496598.8,51101|42 84,413000
51101,42 92,4,2020,8096701.78,51101|42 92,413000
51101,42 94,4,2020,971714,51101|42 94,413000
51101,43 11,4,2020,5126007.15,51101|43 11,413000
51101,43 92,4,2020,8228390.71,51101|43 92,413000
51101,44 21,4,2020,1199840,51101|44 21,413000
51101,44 23,4,2020,569958.81,51101|44 23,413000
51101,44 24,4,2020,1088676.44,51101|44 24,413000
51101,44 25,4,2020,3449797.45,51101|44 25,413000
51101,44 26,4,2020,3360000.42,51101|44 26,413000
51101,44 27,4,2020,2107128.06,51101|44 27,413000
51101,44 28,4,2020,3829334.31,51101|44 28,413000
51101,44 29,4,2020,3696467.51,51101|44 29,413000
51101,44 92,4,2020,6839936.49,51101|44 92,413000
51104,11 11,4,2020,89318.64,51104|11 11,413000
51104,11 12,4,2020,93123.37,51104|11 12,413000
51104,11 13,4,2020,156413.04,51104|11 13,413000
51104,11 17,4,2020,51600.65,51104|11 17,413000
51104,11 18,4,2020,10066.34,51104|11 18,413000
51104,12 30,4,2020,270241.76,51104|12 30,413000
51104,12 31,4,2020,247051.33,51104|12 31,413000
51104,12 35,4,2020,41283.19,51104|12 35,413000
51104,12 3B,4,2020,239.55,51104|12 3B,413000
51104,12 3Z,4,2020,297895.41,51104|12 3Z,413000
51104,12 40,4,2020,39453.31,51104|12 40,413000
51104,12 92,4,2020,120590.45,51104|12 92,413000
51104,14 30,4,2020,261249.74,51104|14 30,413000
51104,14 31,4,2020,51935.37,51104|14 31,413000
51104,14 35,4,2020,50070,51104|14 35,413000
51104,14 3N,4,2020,209981.05,51104|14 3N,413000
51104,14 3S,4,2020,21894.76,51104|14 3S,413000
51104,14 3Z,4,2020,149767.84,51104|14 3Z,413000
51104,14 40,4,2020,37241.24,51104|14 40,413000
51104,14 92,4,2020,82975,51104|14 92,413000
51104,15 3G,4,2020,37300.64,51104|15 3G,413000
51104,15 3H,4,2020,114263.03,51104|15 3H,413000
51104,15 3I,4,2020,1706.33,51104|15 3I,413000
51104,15 92,4,2020,27310,51104|15 92,413000
51104,42 61,4,2020,30608.86,51104|42 61,413000
51104,42 62,4,2020,58414.46,51104|42 62,413000
51104,42 63,4,2020,205896.26,51104|42 63,413000
51104,42 64,4,2020,20901.67,51104|42 64,413000
51104,42 65,4,2020,20931.3,51104|42 65,413000
51104,42 67,4,2020,16287.85,51104|42 67,413000
51104,42 78,4,2020,6014.07,51104|42 78,413000
51104,42 82,4,2020,75166.24,51104|42 82,413000
51104,42 83,4,2020,85310.92,51104|42 83,413000
51104,42 84,4,2020,440663.37,51104|42 84,413000
51104,42 92,4,2020,13370,51104|42 92,413000
51104,42 94,4,2020,10605,51104|42 94,413000
51104,43 11,4,2020,321572.96,51104|43 11,413000
51104,43 92,4,2020,13835,51104|43 92,413000
51104,44 21,4,2020,251530,51104|44 21,413000
51104,44 23,4,2020,105111.79,51104|44 23,413000
51104,44 24,4,2020,189629.39,51104|44 24,413000
51104,44 25,4,2020,626933.3,51104|44 25,413000
51104,44 26,4,2020,607714.28,51104|44 26,413000
51104,44 27,4,2020,381953.97,51104|44 27,413000
51104,44 28,4,2020,648588.04,51104|44 28,413000
51104,44 29,4,2020,619124.23,51104|44 29,413000
51104,44 92,4,2020,45350,51104|44 92,413000
51107,11 11,4,2020,384216.85,51107|11 11,413000
51107,11 12,4,2020,323519.48,51107|11 12,413000
51107,11 13,4,2020,507853.22,51107|11 13,413000
51107,11 17,4,2020,167475.34,51107|11 17,413000
51107,11 18,4,2020,36643.05,51107|11 18,413000
51107,12 30,4,2020,1074316.08,51107|12 30,413000
51107,12 31,4,2020,1331366.93,51107|12 31,413000
51107,12 35,4,2020,109401.26,51107|12 35,413000
51107,12 3A,4,2020,63947,51107|12 3A,413000
51107,12 3B,4,2020,1698.76,51107|12 3B,413000
51107,12 3Z,4,2020,886609.81,51107|12 3Z,413000
51107,12 40,4,2020,147116.92,51107|12 40,413000
51107,12 92,4,2020,1429824.24,51107|12 92,413000
51107,12 95,4,2020,3805052.38,51107|12 95,413000
51107,14 30,4,2020,778495.48,51107|14 30,413000
51107,14 31,4,2020,163464.83,51107|14 31,413000
51107,14 35,4,2020,123306,51107|14 35,413000
51107,14 3N,4,2020,405246.97,51107|14 3N,413000
51107,14 3S,4,2020,93787.43,51107|14 3S,413000
51107,14 3Z,4,2020,371302.07,51107|14 3Z,413000
51107,14 40,4,2020,105726.22,51107|14 40,413000
51107,14 92,4,2020,672698,51107|14 92,413000
51107,15 3G,4,2020,199050.2,51107|15 3G,413000
51107,15 3H,4,2020,508987.18,51107|15 3H,413000
51107,15 3I,4,2020,7540.62,51107|15 3I,413000
51107,15 92,4,2020,722697,51107|15 92,413000
51107,42 61,4,2020,208846.28,51107|42 61,413000
51107,42 62,4,2020,307721.47,51107|42 62,413000
51107,42 63,4,2020,740816.24,51107|42 63,413000
51107,42 64,4,2020,142475.28,51107|42 64,413000
51107,42 65,4,2020,157496.85,51107|42 65,413000
51107,42 67,4,2020,87495.85,51107|42 67,413000
51107,42 78,4,2020,18568.52,51107|42 78,413000
51107,42 82,4,2020,243186.62,51107|42 82,413000
51107,42 83,4,2020,185540.19,51107|42 83,413000
51107,42 84,4,2020,1262809.7,51107|42 84,413000
51107,42 92,4,2020,1304847,51107|42 92,413000
51107,42 94,4,2020,191106,51107|42 94,413000
51107,43 11,4,2020,1143777.06,51107|43 11,413000
51107,43 92,4,2020,1325976,51107|43 92,413000
51107,44 21,4,2020,404454,51107|44 21,413000
51107,44 23,4,2020,177146.97,51107|44 23,413000
51107,44 24,4,2020,337747.85,51107|44 24,413000
51107,44 25,4,2020,1071623.35,51107|44 25,413000
51107,44 26,4,2020,1048515.39,51107|44 26,413000
51107,44 27,4,2020,641987.58,51107|44 27,413000
51107,44 28,4,2020,1151839.1,51107|44 28,413000
51107,44 29,4,2020,1091749.76,51107|44 29,413000
51107,44 92,4,2020,1090749,51107|44 92,413000
51108,11 11,4,2020,459676.98,51108|11 11,413000
51108,11 12,4,2020,395556.74,51108|11 12,413000
51108,11 13,4,2020,612421.31,51108|11 13,413000
51108,11 17,4,2020,202286.54,51108|11 17,413000
51108,11 18,4,2020,60277.64,51108|11 18,413000
51108,12 30,4,2020,681646.01,51108|12 30,413000
51108,12 31,4,2020,930442.05,51108|12 31,413000
51108,12 35,4,2020,104653.03,51108|12 35,413000
51108,12 3A,4,2020,21166,51108|12 3A,413000
51108,12 3B,4,2020,3776.71,51108|12 3B,413000
51108,12 3Z,4,2020,806113.88,51108|12 3Z,413000
51108,12 40,4,2020,133805.03,51108|12 40,413000
51108,12 92,4,2020,1084639.29,51108|12 92,413000
51108,12 95,4,2020,263228,51108|12 95,413000
51108,14 30,4,2020,525303.79,51108|14 30,413000
51108,14 31,4,2020,122998.55,51108|14 31,413000
51108,14 35,4,2020,248410,51108|14 35,413000
51108,14 3N,4,2020,588784.7,51108|14 3N,413000
51108,14 3S,4,2020,62656.79,51108|14 3S,413000
51108,14 3Z,4,2020,296483.57,51108|14 3Z,413000
51108,14 40,4,2020,58118.6,51108|14 40,413000
51108,14 92,4,2020,432895,51108|14 92,413000
51108,15 3G,4,2020,58724.16,51108|15 3G,413000
51108,15 3H,4,2020,180415.34,51108|15 3H,413000
51108,15 3I,4,2020,3125.5,51108|15 3I,413000
51108,15 92,4,2020,47305,51108|15 92,413000
51108,42 61,4,2020,255038.78,51108|42 61,413000
51108,42 62,4,2020,381998.74,51108|42 62,413000
51108,42 63,4,2020,891337.32,51108|42 63,413000
51108,42 64,4,2020,170134.58,51108|42 64,413000
51108,42 65,4,2020,187123.87,51108|42 65,413000
51108,42 67,4,2020,109300.54,51108|42 67,413000
51108,42 78,4,2020,22784.7,51108|42 78,413000
51108,42 82,4,2020,313329.03,51108|42 82,413000
51108,42 83,4,2020,222323.95,51108|42 83,413000
51108,42 84,4,2020,1430504.49,51108|42 84,413000
51108,42 92,4,2020,656290,51108|42 92,413000
51108,42 94,4,2020,107974,51108|42 94,413000
51108,43 11,4,2020,1458213.79,51108|43 11,413000
51108,43 92,4,2020,459270,51108|43 92,413000
51108,44 21,4,2020,694330,51108|44 21,413000
51108,44 23,4,2020,434390.06,51108|44 23,413000
51108,44 24,4,2020,936998.26,51108|44 24,413000
51108,44 25,4,2020,2970016.8,51108|44 25,413000
51108,44 26,4,2020,2816790.62,51108|44 26,413000
51108,44 27,4,2020,1733865.3,51108|44 27,413000
51108,44 28,4,2020,3197127.15,51108|44 28,413000
51108,44 29,4,2020,3090292.81,51108|44 29,413000
51108,44 92,4,2020,1997309,51108|44 92,413000
51109,11 11,4,2020,1146593,51109|11 11,413000
51109,11 12,4,2020,973924,51109|11 12,413000
51109,11 13,4,2020,1562006,51109|11 13,413000
51109,11 17,4,2020,538128,51109|11 17,413000
51109,11 18,4,2020,169883,51109|11 18,413000
51109,12 30,4,2020,4117583,51109|12 30,413000
51109,12 31,4,2020,4065110,51109|12 31,413000
51109,12 35,4,2020,347159,51109|12 35,413000
51109,12 3A,4,2020,287063,51109|12 3A,413000
51109,12 3Z,4,2020,2921399,51109|12 3Z,413000
51109,12 40,4,2020,618612,51109|12 40,413000
51109,12 92,4,2020,4956626,51109|12 92,413000
51109,12 95,4,2020,3252068,51109|12 95,413000
51109,14 30,4,2020,1816997,51109|14 30,413000
51109,14 31,4,2020,385468,51109|14 31,413000
51109,14 35,4,2020,287485,51109|14 35,413000
51109,14 3N,4,2020,329299,51109|14 3N,413000
51109,14 3S,4,2020,162171,51109|14 3S,413000
51109,14 3Z,4,2020,361968,51109|14 3Z,413000
51109,14 40,4,2020,215615,51109|14 40,413000
51109,14 92,4,2020,2008201,51109|14 92,413000
51109,15 3G,4,2020,705678,51109|15 3G,413000
51109,15 3H,4,2020,1160882,51109|15 3H,413000
51109,15 3I,4,2020,19870,51109|15 3I,413000
51109,15 92,4,2020,1324313,51109|15 92,413000
51109,42 61,4,2020,640423,51109|42 61,413000
51109,42 62,4,2020,879903,51109|42 62,413000
51109,42 63,4,2020,1736541,51109|42 63,413000
51109,42 64,4,2020,389106,51109|42 64,413000
51109,42 65,4,2020,450101,51109|42 65,413000
51109,42 67,4,2020,92652,51109|42 67,413000
51109,42 78,4,2020,51305,51109|42 78,413000
51109,42 82,4,2020,769141,51109|42 82,413000
51109,42 83,4,2020,295728,51109|42 83,413000
51109,42 84,4,2020,2405207,51109|42 84,413000
51109,42 92,4,2020,4101687,51109|42 92,413000
51109,42 94,4,2020,623497,51109|42 94,413000
51109,43 11,4,2020,3231733,51109|43 11,413000
51109,43 92,4,2020,4360668,51109|43 92,413000
51109,44 21,4,2020,505842,51109|44 21,413000
51109,44 24,4,2020,583868,51109|44 24,413000
51109,44 25,4,2020,1936049,51109|44 25,413000
51109,44 26,4,2020,1565996,51109|44 26,413000
51109,44 27,4,2020,751547,51109|44 27,413000
51109,44 28,4,2020,2885582,51109|44 28,413000
51109,44 29,4,2020,1665589,51109|44 29,413000
51109,44 92,4,2020,3226070,51109|44 92,413000
51110,11 11,4,2020,441204,51110|11 11,413000
51110,11 12,4,2020,383792,51110|11 12,413000
51110,11 13,4,2020,643881,51110|11 13,413000
51110,11 17,4,2020,197935,51110|11 17,413000
51110,11 18,4,2020,61357,51110|11 18,413000
51110,12 30,4,2020,1605031,51110|12 30,413000
51110,12 31,4,2020,2287622,51110|12 31,413000
51110,12 35,4,2020,125139,51110|12 35,413000
51110,12 3A,4,2020,108635,51110|12 3A,413000
51110,12 3Z,4,2020,541309,51110|12 3Z,413000
51110,12 40,4,2020,215570,51110|12 40,413000
51110,12 92,4,2020,1988660,51110|12 92,413000
51110,12 95,4,2020,1444614,51110|12 95,413000
51110,14 30,4,2020,819643,51110|14 30,413000
51110,14 31,4,2020,166243,51110|14 31,413000
51110,14 35,4,2020,130868,51110|14 35,413000
51110,14 3N,4,2020,126732,51110|14 3N,413000
51110,14 3S,4,2020,60998,51110|14 3S,413000
51110,14 3Z,4,2020,147113,51110|14 3Z,413000
51110,14 40,4,2020,77986,51110|14 40,413000
51110,14 92,4,2020,733187,51110|14 92,413000
51110,15 3G,4,2020,340346,51110|15 3G,413000
51110,15 3H,4,2020,557807,51110|15 3H,413000
51110,15 3I,4,2020,9657,51110|15 3I,413000
51110,15 92,4,2020,616054,51110|15 92,413000
51110,42 61,4,2020,279976,51110|42 61,413000
51110,42 62,4,2020,344660,51110|42 62,413000
51110,42 63,4,2020,737646,51110|42 63,413000
51110,42 64,4,2020,184259,51110|42 64,413000
51110,42 65,4,2020,213460,51110|42 65,413000
51110,42 67,4,2020,50458,51110|42 67,413000
51110,42 78,4,2020,14694,51110|42 78,413000
51110,42 82,4,2020,300485,51110|42 82,413000
51110,42 83,4,2020,126700,51110|42 83,413000
51110,42 84,4,2020,1021759,51110|42 84,413000
51110,42 92,4,2020,1721458,51110|42 92,413000
51110,42 94,4,2020,232178,51110|42 94,413000
51110,43 11,4,2020,1310520,51110|43 11,413000
51110,43 92,4,2020,1882032,51110|43 92,413000
51110,44 21,4,2020,246319,51110|44 21,413000
51110,44 24,4,2020,283537,51110|44 24,413000
51110,44 25,4,2020,991132,51110|44 25,413000
51110,44 26,4,2020,934863,51110|44 26,413000
51110,44 27,4,2020,299909,51110|44 27,413000
51110,44 28,4,2020,1323531,51110|44 28,413000
51110,44 29,4,2020,757864,51110|44 29,413000
51110,44 92,4,2020,1423593,51110|44 92,413000
51111,11 11,4,2020,160233.78,51111|11 11,413000
51111,11 12,4,2020,125865.54,51111|11 12,413000
51111,11 13,4,2020,209541.48,51111|11 13,413000
51111,11 17,4,2020,67236.18,51111|11 17,413000
51111,11 18,4,2020,18195.99,51111|11 18,413000
51111,12 30,4,2020,496969.44,51111|12 30,413000
51111,12 31,4,2020,757665.22,51111|12 31,413000
51111,12 35,4,2020,56691.06,51111|12 35,413000
51111,12 3A,4,2020,23943,51111|12 3A,413000
51111,12 3B,4,2020,1170.58,51111|12 3B,413000
51111,12 3Z,4,2020,406697.25,51111|12 3Z,413000
51111,12 40,4,2020,109204.03,51111|12 40,413000
51111,12 92,4,2020,755060.42,51111|12 92,413000
51111,12 95,4,2020,516156,51111|12 95,413000
51111,14 30,4,2020,206699.99,51111|14 30,413000
51111,14 31,4,2020,42888.51,51111|14 31,413000
51111,14 35,4,2020,40491,51111|14 35,413000
51111,14 3N,4,2020,76318.63,51111|14 3N,413000
51111,14 3S,4,2020,28930.74,51111|14 3S,413000
51111,14 3Z,4,2020,47551.06,51111|14 3Z,413000
51111,14 40,4,2020,17237.07,51111|14 40,413000
51111,14 92,4,2020,260042,51111|14 92,413000
51111,15 3G,4,2020,58567.89,51111|15 3G,413000
51111,15 3H,4,2020,145337.2,51111|15 3H,413000
51111,15 3I,4,2020,2559.91,51111|15 3I,413000
51111,15 92,4,2020,197684,51111|15 92,413000
51111,42 61,4,2020,74627.9,51111|42 61,413000
51111,42 62,4,2020,125412.27,51111|42 62,413000
51111,42 63,4,2020,257935.95,51111|42 63,413000
51111,42 64,4,2020,62284.51,51111|42 64,413000
51111,42 65,4,2020,56412.68,51111|42 65,413000
51111,42 67,4,2020,33781.63,51111|42 67,413000
51111,42 78,4,2020,6434.64,51111|42 78,413000
51111,42 82,4,2020,80360.6,51111|42 82,413000
51111,42 83,4,2020,35385.37,51111|42 83,413000
51111,42 84,4,2020,362471.45,51111|42 84,413000
51111,42 92,4,2020,584223,51111|42 92,413000
51111,42 94,4,2020,92804,51111|42 94,413000
51111,43 11,4,2020,446941.03,51111|43 11,413000
51111,43 92,4,2020,676813,51111|43 92,413000
51111,44 21,4,2020,37611,51111|44 21,413000
51111,44 23,4,2020,38354.94,51111|44 23,413000
51111,44 24,4,2020,76874.75,51111|44 24,413000
51111,44 25,4,2020,231018.53,51111|44 25,413000
51111,44 26,4,2020,213290.58,51111|44 26,413000
51111,44 27,4,2020,139579.98,51111|44 27,413000
51111,44 28,4,2020,274159.09,51111|44 28,413000
51111,44 29,4,2020,268508.13,51111|44 29,413000
51111,44 92,4,2020,436829,51111|44 92,413000
51112,11 11,4,2020,48816.72,51112|11 11,413000
51112,11 12,4,2020,38513.73,51112|11 12,413000
51112,11 13,4,2020,64234.66,51112|11 13,413000
51112,11 17,4,2020,21136.18,51112|11 17,413000
51112,11 18,4,2020,4435.99,51112|11 18,413000
51112,12 30,4,2020,138743.35,51112|12 30,413000
51112,12 31,4,2020,165829,51112|12 31,413000
51112,12 35,4,2020,13858.75,51112|12 35,413000
51112,12 3A,4,2020,7637,51112|12 3A,413000
51112,12 3B,4,2020,134.64,51112|12 3B,413000
51112,12 3Z,4,2020,112618.42,51112|12 3Z,413000
51112,12 40,4,2020,19253.48,51112|12 40,413000
51112,12 92,4,2020,130906.36,51112|12 92,413000
51112,12 95,4,2020,71349,51112|12 95,413000
51112,14 30,4,2020,103033.39,51112|14 30,413000
51112,14 31,4,2020,20058.33,51112|14 31,413000
51112,14 35,4,2020,15942,51112|14 35,413000
51112,14 3N,4,2020,54664.24,51112|14 3N,413000
51112,14 3S,4,2020,10861.73,51112|14 3S,413000
51112,14 3Z,4,2020,43302.45,51112|14 3Z,413000
51112,14 40,4,2020,12952.86,51112|14 40,413000
51112,14 92,4,2020,54057,51112|14 92,413000
51112,15 3G,4,2020,23950.43,51112|15 3G,413000
51112,15 3H,4,2020,62683.74,51112|15 3H,413000
51112,15 3I,4,2020,931.83,51112|15 3I,413000
51112,15 92,4,2020,40933,51112|15 92,413000
51112,42 61,4,2020,28178.24,51112|42 61,413000
51112,42 62,4,2020,38618.82,51112|42 62,413000
51112,42 63,4,2020,96060.45,51112|42 63,413000
51112,42 64,4,2020,18520.41,51112|42 64,413000
51112,42 65,4,2020,19375.57,51112|42 65,413000
51112,42 67,4,2020,11485.1,51112|42 67,413000
51112,42 78,4,2020,2099.89,51112|42 78,413000
51112,42 82,4,2020,29911.78,51112|42 82,413000
51112,42 83,4,2020,23622.91,51112|42 83,413000
51112,42 84,4,2020,177871.83,51112|42 84,413000
51112,42 92,4,2020,102065,51112|42 92,413000
51112,42 94,4,2020,16329,51112|42 94,413000
51112,43 11,4,2020,146381.72,51112|43 11,413000
51112,43 92,4,2020,106409,51112|43 92,413000
51112,44 21,4,2020,51345,51112|44 21,413000
51112,44 23,4,2020,22773.33,51112|44 23,413000
51112,44 24,4,2020,41701.35,51112|44 24,413000
51112,44 25,4,2020,135197.24,51112|44 25,413000
51112,44 26,4,2020,131772.9,51112|44 26,413000
51112,44 27,4,2020,79877.39,51112|44 27,413000
51112,44 28,4,2020,145286.6,51112|44 28,413000
51112,44 29,4,2020,140099.19,51112|44 29,413000
51112,44 92,4,2020,83991,51112|44 92,413000
51113,11 11,4,2020,77581.84,51113|11 11,413000
51113,11 12,4,2020,12525.19,51113|11 12,413000
51113,11 13,4,2020,1554.34,51113|11 13,413000
51113,11 17,4,2020,656.18,51113|11 17,413000
51113,11 18,4,2020,295.39,51113|11 18,413000
51113,12 30,4,2020,58944.74,51113|12 30,413000
51113,12 31,4,2020,127813.76,51113|12 31,413000
51113,12 35,4,2020,10955.59,51113|12 35,413000
51113,12 3Z,4,2020,29049.58,51113|12 3Z,413000
51113,12 40,4,2020,2661.33,51113|12 40,413000
51113,12 92,4,2020,43700,51113|12 92,413000
51113,14 30,4,2020,164646.68,51113|14 30,413000
51113,14 31,4,2020,25828.64,51113|14 31,413000
51113,14 35,4,2020,10900,51113|14 35,413000
51113,14 3N,4,2020,116603.84,51113|14 3N,413000
51113,14 3S,4,2020,6298.02,51113|14 3S,413000
51113,14 3Z,4,2020,67187.6,51113|14 3Z,413000
51113,14 40,4,2020,11835.22,51113|14 40,413000
51113,14 92,4,2020,10900,51113|14 92,413000
51113,15 3G,4,2020,3271.11,51113|15 3G,413000
51113,15 3H,4,2020,40724.15,51113|15 3H,413000
51113,15 3I,4,2020,104.74,51113|15 3I,413000
51113,15 92,4,2020,11025,51113|15 92,413000
51113,42 61,4,2020,3777.94,51113|42 61,413000
51113,42 62,4,2020,8277.46,51113|42 62,413000
51113,42 63,4,2020,149399.76,51113|42 63,413000
51113,42 64,4,2020,2148.39,51113|42 64,413000
51113,42 65,4,2020,12893.61,51113|42 65,413000
51113,42 67,4,2020,3840.07,51113|42 67,413000
51113,42 78,4,2020,915.6,51113|42 78,413000
51113,42 82,4,2020,13539.98,51113|42 82,413000
51113,42 83,4,2020,46840.57,51113|42 83,413000
51113,42 84,4,2020,183466.62,51113|42 84,413000
51113,42 92,4,2020,10900,51113|42 92,413000
51113,43 11,4,2020,81787.06,51113|43 11,413000
51113,44 21,4,2020,32700,51113|44 21,413000
51113,44 23,4,2020,14976.6,51113|44 23,413000
51113,44 24,4,2020,36595.66,51113|44 24,413000
51113,44 25,4,2020,156997.06,51113|44 25,413000
51113,44 26,4,2020,110831.2,51113|44 26,413000
51113,44 27,4,2020,83480.92,51113|44 27,413000
51113,44 28,4,2020,140422.52,51113|44 28,413000
51113,44 29,4,2020,110696.04,51113|44 29,413000
51114,12 3A,4,2020,151993,51114|12 3A,413000
51114,12 92,4,2020,1261825,51114|12 92,413000
51114,42 92,4,2020,827863,51114|42 92,413000
51114,43 92,4,2020,650650,51114|43 92,413000
51114,44 92,4,2020,917061,51114|44 92,413000
51115,12 31,4,2020,-585026.58,51115|12 31,413000
51115,42 62,4,2020,-1283857.96,51115|42 62,413000
51115,42 68,4,2020,1283857.96,51115|42 68,413000
51116,43 11,4,2020,-855881.96,51116|43 11,413000
51119,12 92,4,2020,7158485.46,51119|12 92,413000
51119,12 95,4,2020,-13940575.38,51119|12 95,413000
51119,14 92,4,2020,5018607.14,51119|14 92,413000
51119,15 92,4,2020,1763482.78,51119|15 92,413000
51119,42 92,4,2020,338952.64,51119|42 92,413000
51119,42 94,4,2020,-2246207,51119|42 94,413000
51119,43 92,4,2020,271117.18,51119|43 92,413000
51119,44 92,4,2020,1636137.18,51119|44 92,413000
51199,11 11,4,2020,-6605547.42,51199|11 11,413000
51199,11 12,4,2020,-7257553.41,51199|11 12,413000
51199,11 13,4,2020,-9099432.1,51199|11 13,413000
51199,11 17,4,2020,-3109883.53,51199|11 17,413000
51199,11 18,4,2020,-938458.26,51199|11 18,413000
51199,12 30,4,2020,-22661513.29,51199|12 30,413000
51199,12 31,4,2020,-30758784.32,51199|12 31,413000
51199,12 35,4,2020,-1388026.14,51199|12 35,413000
51199,12 3A,4,2020,-1388160.84,51199|12 3A,413000
51199,12 3B,4,2020,-16954.87,51199|12 3B,413000
51199,12 3Z,4,2020,-15653733.9,51199|12 3Z,413000
51199,12 40,4,2020,-2957732.21,51199|12 40,413000
51199,14 30,4,2020,-12025252.62,51199|14 30,413000
51199,14 31,4,2020,-2832520.67,51199|14 31,413000
51199,14 35,4,2020,-1350950,51199|14 35,413000
51199,14 3N,4,2020,-5661176.43,51199|14 3N,413000
51199,14 3S,4,2020,-1553814.98,51199|14 3S,413000
51199,14 3Z,4,2020,-5244171.96,51199|14 3Z,413000
51199,14 40,4,2020,-1376536.48,51199|14 40,413000
51199,15 3G,4,2020,-4471694.49,51199|15 3G,413000
51199,15 3H,4,2020,-8518136.71,51199|15 3H,413000
51199,15 3I,4,2020,-137858.58,51199|15 3I,413000
51199,42 61,4,2020,-3568317.78,51199|42 61,413000
51199,42 62,4,2020,-4122069.25,51199|42 62,413000
51199,42 63,4,2020,-11286426.87,51199|42 63,413000
51199,42 64,4,2020,-2046684.21,51199|42 64,413000
51199,42 65,4,2020,-2275471.96,51199|42 65,413000
51199,42 67,4,2020,-1068105.32,51199|42 67,413000
51199,42 68,4,2020,-1864556.25,51199|42 68,413000
51199,42 78,4,2020,-281110.59,51199|42 78,413000
51199,42 82,4,2020,-5763705.48,51199|42 82,413000
51199,42 83,4,2020,-2277608.21,51199|42 83,413000
51199,42 84,4,2020,-18735729.5,51199|42 84,413000
51199,43 11,4,2020,-20332705.21,51199|43 11,413000
51199,44 21,4,2020,-3423971,51199|44 21,413000
51199,44 23,4,2020,-1362712.5,51199|44 23,413000
51199,44 24,4,2020,-4646298.75,51199|44 24,413000
51199,44 25,4,2020,-14805550.73,51199|44 25,413000
51199,44 26,4,2020,-13074460.4,51199|44 26,413000
51199,44 27,4,2020,-7357247.95,51199|44 27,413000
51199,44 28,4,2020,-20150848.12,51199|44 28,413000
51199,44 29,4,2020,-14852377.22,51199|44 29,413000
51200,11 11,4,2020,307712.04,51200|11 11,415000
51200,11 12,4,2020,538086.15,51200|11 12,415000
51200,11 13,4,2020,454189.53,51200|11 13,415000
51200,11 17,4,2020,167519.96,51200|11 17,415000
51200,11 18,4,2020,60941.19,51200|11 18,415000
51200,12 30,4,2020,1252963.67,51200|12 30,415000
51200,12 31,4,2020,1966490.92,51200|12 31,415000
51200,12 3Z,4,2020,770331.54,51200|12 3Z,415000
51200,12 40,4,2020,96853.36,51200|12 40,415000
51200,12 92,4,2020,-4086639.49,51200|12 92,415000
51200,14 30,4,2020,682785.33,51200|14 30,415000
51200,14 31,4,2020,187311.2,51200|14 31,415000
51200,14 3N,4,2020,341842.93,51200|14 3N,415000
51200,14 3S,4,2020,112746.93,51200|14 3S,415000
51200,14 3Z,4,2020,405600.78,51200|14 3Z,415000
51200,14 40,4,2020,70782.02,51200|14 40,415000
51200,14 92,4,2020,-1801069.19,51200|14 92,415000
51200,15 3G,4,2020,538661.08,51200|15 3G,415000
51200,15 3H,4,2020,916194.28,51200|15 3H,415000
51200,15 3I,4,2020,15289.5,51200|15 3I,415000
51200,15 92,4,2020,-1470144.86,51200|15 92,415000
51200,42 61,4,2020,315594.24,51200|42 61,415000
51200,42 62,4,2020,547785.11,51200|42 62,415000
51200,42 63,4,2020,994662.44,51200|42 63,415000
51200,42 64,4,2020,116352.85,51200|42 64,415000
51200,42 65,4,2020,141579.8,51200|42 65,415000
51200,42 67,4,2020,80314.36,51200|42 67,415000
51200,42 68,4,2020,168351.25,51200|42 68,415000
51200,42 78,4,2020,25226.95,51200|42 78,415000
51200,42 82,4,2020,857201.32,51200|42 82,415000
51200,42 83,4,2020,175044.11,51200|42 83,415000
51200,42 84,4,2020,1726243.87,51200|42 84,415000
51200,42 92,4,2020,-5148356.3,51200|42 92,415000
51200,43 11,4,2020,1204340.09,51200|43 11,415000
51200,43 92,4,2020,-2732788.96,51200|43 92,415000
51200,44 24,4,2020,177233.42,51200|44 24,415000
51200,44 25,4,2020,535801.53,51200|44 25,415000
51200,44 26,4,2020,378195.61,51200|44 26,415000
51200,44 27,4,2020,188365.44,51200|44 27,415000
51200,44 28,4,2020,1085078.65,51200|44 28,415000
51200,44 29,4,2020,564803.36,51200|44 29,415000
51200,44 92,4,2020,-2929478.01,51200|44 92,415000
51201,11 11,4,2020,5300,51201|11 11,415000
51201,11 12,4,2020,4200,51201|11 12,415000
51201,11 13,4,2020,6600,51201|11 13,415000
51201,11 17,4,2020,2400,51201|11 17,415000
51201,11 18,4,2020,700,51201|11 18,415000
51201,12 30,4,2020,13200,51201|12 30,415000
51201,12 31,4,2020,15000,51201|12 31,415000
51201,12 35,4,2020,1000,51201|12 35,415000
51201,12 3A,4,2020,1700,51201|12 3A,415000
51201,12 3Z,4,2020,8100,51201|12 3Z,415000
51201,12 40,4,2020,1700,51201|12 40,415000
51201,12 92,4,2020,18800,51201|12 92,415000
51201,12 95,4,2020,15500,51201|12 95,415000
51201,14 30,4,2020,10500,51201|14 30,415000
51201,14 31,4,2020,2400,51201|14 31,415000
51201,14 35,4,2020,1400,51201|14 35,415000
51201,14 3N,4,2020,1400,51201|14 3N,415000
51201,14 3S,4,2020,800,51201|14 3S,415000
51201,14 3Z,4,2020,2100,51201|14 3Z,415000
51201,14 40,4,2020,1400,51201|14 40,415000
51201,14 92,4,2020,8900,51201|14 92,415000
51201,15 3G,4,2020,3400,51201|15 3G,415000
51201,15 3H,4,2020,4900,51201|15 3H,415000
51201,15 3I,4,2020,100,51201|15 3I,415000
51201,15 92,4,2020,5900,51201|15 92,415000
51201,42 61,4,2020,13400,51201|42 61,415000
51201,42 62,4,2020,2814.65,51201|42 62,415000
51201,42 63,4,2020,6000,51201|42 63,415000
51201,42 64,4,2020,7900,51201|42 64,415000
51201,42 65,4,2020,2000,51201|42 65,415000
51201,42 67,4,2020,500,51201|42 67,415000
51201,42 68,4,2020,585.35,51201|42 68,415000
51201,42 78,4,2020,200,51201|42 78,415000
51201,42 82,4,2020,2300,51201|42 82,415000
51201,42 83,4,2020,1300,51201|42 83,415000
51201,42 84,4,2020,8600,51201|42 84,415000
51201,42 92,4,2020,13400,51201|42 92,415000
51201,42 94,4,2020,3125,51201|42 94,415000
51201,43 11,4,2020,14500,51201|43 11,415000
51201,43 92,4,2020,20900,51201|43 92,415000
51201,44 21,4,2020,3600,51201|44 21,415000
51201,44 24,4,2020,2300,51201|44 24,415000
51201,44 25,4,2020,6600,51201|44 25,415000
51201,44 26,4,2020,5500,51201|44 26,415000
51201,44 27,4,2020,2600,51201|44 27,415000
51201,44 28,4,2020,10300,51201|44 28,415000
51201,44 29,4,2020,6300,51201|44 29,415000
51201,44 92,4,2020,10400,51201|44 92,415000
51202,11 11,4,2020,131982.78,51202|11 11,415000
51202,11 12,4,2020,146804,51202|11 12,415000
51202,11 13,4,2020,153700.08,51202|11 13,415000
51202,11 17,4,2020,62097.62,51202|11 17,415000
51202,11 18,4,2020,14760.56,51202|11 18,415000
51202,12 30,4,2020,345961.51,51202|12 30,415000
51202,12 31,4,2020,404382.94,51202|12 31,415000
51202,12 35,4,2020,16869.5,51202|12 35,415000
51202,12 3A,4,2020,14762,51202|12 3A,415000
51202,12 3Z,4,2020,365645.11,51202|12 3Z,415000
51202,12 40,4,2020,49638.98,51202|12 40,415000
51202,12 92,4,2020,466517.64,51202|12 92,415000
51202,12 95,4,2020,244543.22,51202|12 95,415000
51202,14 30,4,2020,189848.67,51202|14 30,415000
51202,14 31,4,2020,49766.23,51202|14 31,415000
51202,14 35,4,2020,22639.05,51202|14 35,415000
51202,14 3N,4,2020,18791.62,51202|14 3N,415000
51202,14 3S,4,2020,10524.56,51202|14 3S,415000
51202,14 3Z,4,2020,26154.17,51202|14 3Z,415000
51202,14 40,4,2020,14061,51202|14 40,415000
51202,14 92,4,2020,190640.11,51202|14 92,415000
51202,15 3G,4,2020,130133.2,51202|15 3G,415000
51202,15 3H,4,2020,162699.5,51202|15 3H,415000
51202,15 3I,4,2020,2246.8,51202|15 3I,415000
51202,15 92,4,2020,149333.6,51202|15 92,415000
51202,42 61,4,2020,88780.03,51202|42 61,415000
51202,42 62,4,2020,98690.53,51202|42 62,415000
51202,42 63,4,2020,171240.43,51202|42 63,415000
51202,42 64,4,2020,90443.96,51202|42 64,415000
51202,42 65,4,2020,29515.13,51202|42 65,415000
51202,42 67,4,2020,7576.29,51202|42 67,415000
51202,42 68,4,2020,12035.97,51202|42 68,415000
51202,42 78,4,2020,3689.86,51202|42 78,415000
51202,42 82,4,2020,106151.41,51202|42 82,415000
51202,42 83,4,2020,35437.63,51202|42 83,415000
51202,42 84,4,2020,326396.77,51202|42 84,415000
51202,42 92,4,2020,440303.48,51202|42 92,415000
51202,42 94,4,2020,55206.5,51202|42 94,415000
51202,43 11,4,2020,342923.36,51202|43 11,415000
51202,43 92,4,2020,660412.65,51202|43 92,415000
51202,44 21,4,2020,146748.87,51202|44 21,415000
51202,44 23,4,2020,37756.26,51202|44 23,415000
51202,44 24,4,2020,67126.47,51202|44 24,415000
51202,44 25,4,2020,219745.64,51202|44 25,415000
51202,44 26,4,2020,242636.58,51202|44 26,415000
51202,44 27,4,2020,220125.44,51202|44 27,415000
51202,44 28,4,2020,154299.51,51202|44 28,415000
51202,44 29,4,2020,192050.11,51202|44 29,415000
51202,44 92,4,2020,283470.2,51202|44 92,415000
51203,11 11,4,2020,2931.04,51203|11 11,415000
51203,11 12,4,2020,88.35,51203|11 12,415000
51203,11 13,4,2020,193.33,51203|11 13,415000
51203,11 17,4,2020,75.24,51203|11 17,415000
51203,11 18,4,2020,4.06,51203|11 18,415000
51203,12 30,4,2020,11039.3,51203|12 30,415000
51203,12 31,4,2020,11339.12,51203|12 31,415000
51203,12 3Z,4,2020,9114.49,51203|12 3Z,415000
51203,12 40,4,2020,1507.09,51203|12 40,415000
51203,12 95,4,2020,2430,51203|12 95,415000
51203,14 30,4,2020,10230,51203|14 30,415000
51203,14 31,4,2020,2325,51203|14 31,415000
51203,14 35,4,2020,2325,51203|14 35,415000
51203,14 3N,4,2020,1860,51203|14 3N,415000
51203,14 3S,4,2020,1395,51203|14 3S,415000
51203,14 3Z,4,2020,3720,51203|14 3Z,415000
51203,14 40,4,2020,1395,51203|14 40,415000
51203,14 92,4,2020,2325,51203|14 92,415000
51203,42 61,4,2020,1138.44,51203|42 61,415000
51203,42 62,4,2020,3935.87,51203|42 62,415000
51203,42 63,4,2020,7681.54,51203|42 63,415000
51203,42 64,4,2020,452.15,51203|42 64,415000
51203,42 65,4,2020,539.41,51203|42 65,415000
51203,42 67,4,2020,260.83,51203|42 67,415000
51203,42 68,4,2020,480.01,51203|42 68,415000
51203,42 78,4,2020,77.98,51203|42 78,415000
51203,42 82,4,2020,3550.23,51203|42 82,415000
51203,42 83,4,2020,4365.39,51203|42 83,415000
51203,42 84,4,2020,14202.15,51203|42 84,415000
51203,42 92,4,2020,4941,51203|42 92,415000
51203,43 11,4,2020,189.98,51203|43 11,415000
51203,43 92,4,2020,4320,51203|43 92,415000
51203,44 21,4,2020,2230,51203|44 21,415000
51203,44 23,4,2020,824.15,51203|44 23,415000
51203,44 24,4,2020,1120.18,51203|44 24,415000
51203,44 25,4,2020,3502.66,51203|44 25,415000
51203,44 26,4,2020,4368.69,51203|44 26,415000
51203,44 27,4,2020,3040.48,51203|44 27,415000
51203,44 28,4,2020,5270.42,51203|44 28,415000
51203,44 29,4,2020,3779.42,51203|44 29,415000
51203,44 92,4,2020,3890,51203|44 92,415000
51299,11 11,4,2020,12562.46,51299|11 11,415000
51299,11 12,4,2020,6941.52,51299|11 12,415000
51299,11 13,4,2020,19679.29,51299|11 13,415000
51299,11 17,4,2020,7954.88,51299|11 17,415000
51299,11 18,4,2020,1729.1,51299|11 18,415000
51299,12 30,4,2020,7327.4,51299|12 30,415000
51299,12 31,4,2020,8748.44,51299|12 31,415000
51299,12 35,4,2020,1606.85,51299|12 35,415000
51299,12 40,4,2020,1916.58,51299|12 40,415000
51299,12 92,4,2020,31441.73,51299|12 92,415000
51299,14 30,4,2020,3441.06,51299|14 30,415000
51299,14 31,4,2020,568.77,51299|14 31,415000
51299,14 35,4,2020,5928.89,51299|14 35,415000
51299,14 3N,4,2020,1137.54,51299|14 3N,415000
51299,14 3Z,4,2020,1706.31,51299|14 3Z,415000
51299,14 40,4,2020,511.89,51299|14 40,415000
51299,14 92,4,2020,61768.57,51299|14 92,415000
51299,15 3G,4,2020,8406.3,51299|15 3G,415000
51299,15 3H,4,2020,8886.66,51299|15 3H,415000
51299,15 3I,4,2020,240.18,51299|15 3I,415000
51299,15 92,4,2020,18034.86,51299|15 92,415000
51299,42 61,4,2020,26.42,51299|42 61,415000
51299,42 62,4,2020,44.01,51299|42 62,415000
51299,42 63,4,2020,92.34,51299|42 63,415000
51299,42 64,4,2020,11.5,51299|42 64,415000
51299,42 65,4,2020,13.72,51299|42 65,415000
51299,42 67,4,2020,6.64,51299|42 67,415000
51299,42 68,4,2020,5.37,51299|42 68,415000
51299,42 84,4,2020,4000,51299|42 84,415000
51299,42 92,4,2020,145959.62,51299|42 92,415000
51299,42 94,4,2020,2437.98,51299|42 94,415000
51299,43 11,4,2020,46533.75,51299|43 11,415000
51299,43 92,4,2020,127312.95,51299|43 92,415000
51299,44 21,4,2020,32185.2,51299|44 21,415000
51299,44 23,4,2020,19887.63,51299|44 23,415000
51299,44 24,4,2020,19933.62,51299|44 24,415000
51299,44 25,4,2020,79930.49,51299|44 25,415000
51299,44 26,4,2020,83670.02,51299|44 26,415000
51299,44 27,4,2020,86756.87,51299|44 27,415000
51299,44 28,4,2020,52075.82,51299|44 28,415000
51299,44 29,4,2020,51941.82,51299|44 29,415000
51299,44 92,4,2020,27330,51299|44 92,415000
51301,11 11,4,2020,490940.32,51301|11 11,415000
51301,11 12,4,2020,589540.35,51301|11 12,415000
51301,11 13,4,2020,185332.93,51301|11 13,415000
51301,11 17,4,2020,123512.26,51301|11 17,415000
51301,11 18,4,2020,129256.83,51301|11 18,415000
51301,12 31,4,2020,4408941.39,51301|12 31,415000
51301,12 3Z,4,2020,730217.02,51301|12 3Z,415000
51301,14 31,4,2020,427687.1,51301|14 31,415000
51301,14 3N,4,2020,1612539.56,51301|14 3N,415000
51301,14 3S,4,2020,96999.8,51301|14 3S,415000
51301,14 3Z,4,2020,312950.15,51301|14 3Z,415000
51301,43 11,4,2020,375065.86,51301|43 11,415000
51301,43 92,4,2020,-182060.04,51301|43 92,415000
51302,11 11,4,2020,26402,51302|11 11,415000
51302,11 12,4,2020,51948,51302|11 12,415000
51302,11 13,4,2020,43102,51302|11 13,415000
51302,11 17,4,2020,6217,51302|11 17,415000
51302,11 18,4,2020,12499,51302|11 18,415000
51302,12 30,4,2020,12083,51302|12 30,415000
51302,12 31,4,2020,47409,51302|12 31,415000
51302,12 35,4,2020,8292,51302|12 35,415000
51302,12 3Z,4,2020,2531,51302|12 3Z,415000
51302,12 40,4,2020,9627,51302|12 40,415000
51302,12 41,4,2020,1718,51302|12 41,415000
51302,12 43,4,2020,3203,51302|12 43,415000
51302,12 92,4,2020,10683,51302|12 92,415000
51302,14 30,4,2020,12622,51302|14 30,415000
51302,14 31,4,2020,20214,51302|14 31,415000
51302,14 35,4,2020,8284,51302|14 35,415000
51302,14 3N,4,2020,647,51302|14 3N,415000
51302,14 3S,4,2020,1806,51302|14 3S,415000
51302,14 3Z,4,2020,2880,51302|14 3Z,415000
51302,14 40,4,2020,2237,51302|14 40,415000
51302,14 92,4,2020,8429,51302|14 92,415000
51302,15 3G,4,2020,3655,51302|15 3G,415000
51302,15 3H,4,2020,6004,51302|15 3H,415000
51302,15 3I,4,2020,8150,51302|15 3I,415000
51302,15 92,4,2020,2556,51302|15 92,415000
51302,42 61,4,2020,7871,51302|42 61,415000
51302,42 62,4,2020,6440,51302|42 62,415000
51302,42 63,4,2020,27192,51302|42 63,415000
51302,42 64,4,2020,4055,51302|42 64,415000
51302,42 65,4,2020,5128,51302|42 65,415000
51302,42 66,4,2020,358,51302|42 66,415000
51302,42 67,4,2020,2385,51302|42 67,415000
51302,42 78,4,2020,5963,51302|42 78,415000
51302,42 79,4,2020,8468,51302|42 79,415000
51302,42 80,4,2020,4055,51302|42 80,415000
51302,42 82,4,2020,11688,51302|42 82,415000
51302,42 83,4,2020,6321,51302|42 83,415000
51302,42 84,4,2020,23017,51302|42 84,415000
51302,42 92,4,2020,6321,51302|42 92,415000
51302,42 94,4,2020,10099,51302|42 94,415000
51302,43 11,4,2020,115275,51302|43 11,415000
51302,43 92,4,2020,15610,51302|43 92,415000
51302,44 21,4,2020,7285,51302|44 21,415000
51302,44 23,4,2020,15769,51302|44 23,415000
51302,44 24,4,2020,19120,51302|44 24,415000
51302,44 25,4,2020,44848,51302|44 25,415000
51302,44 26,4,2020,68026,51302|44 26,415000
51302,44 27,4,2020,47953,51302|44 27,415000
51302,44 28,4,2020,63261,51302|44 28,415000
51302,44 29,4,2020,30524,51302|44 29,415000
51302,44 92,4,2020,10605,51302|44 92,415000
51306,11 11,4,2020,291759.9,51306|11 11,415000
51306,11 12,4,2020,1025070.92,51306|11 12,415000
51306,11 13,4,2020,963479.2,51306|11 13,415000
51306,11 17,4,2020,170730.35,51306|11 17,415000
51306,11 18,4,2020,367682.48,51306|11 18,415000
51306,43 11,4,2020,1647194.83,51306|43 11,415000
51307,11 11,4,2020,671486.15,51307|11 11,415000
51307,11 12,4,2020,1539179.24,51307|11 12,415000
51307,11 13,4,2020,812030.27,51307|11 13,415000
51307,11 17,4,2020,589963.44,51307|11 17,415000
51307,11 18,4,2020,139754.22,51307|11 18,415000
51307,12 30,4,2020,240905.73,51307|12 30,415000
51307,12 31,4,2020,387682.58,51307|12 31,415000
51307,12 35,4,2020,182314,51307|12 35,415000
51307,12 3Z,4,2020,204270.72,51307|12 3Z,415000
51307,12 40,4,2020,297907.63,51307|12 40,415000
51307,12 92,4,2020,171809.58,51307|12 92,415000
51307,12 95,4,2020,7290,51307|12 95,415000
51307,14 30,4,2020,139002.11,51307|14 30,415000
51307,14 31,4,2020,95815.81,51307|14 31,415000
51307,14 35,4,2020,328989.83,51307|14 35,415000
51307,14 3N,4,2020,61082.94,51307|14 3N,415000
51307,14 3S,4,2020,4407.6,51307|14 3S,415000
51307,14 3Z,4,2020,15766.14,51307|14 3Z,415000
51307,14 40,4,2020,2755.01,51307|14 40,415000
51307,14 92,4,2020,38850,51307|14 92,415000
51307,15 3G,4,2020,10804.8,51307|15 3G,415000
51307,15 3H,4,2020,17088.1,51307|15 3H,415000
51307,15 3I,4,2020,225.1,51307|15 3I,415000
51307,15 92,4,2020,146693.6,51307|15 92,415000
51307,42 61,4,2020,379055.07,51307|42 61,415000
51307,42 62,4,2020,330083.81,51307|42 62,415000
51307,42 63,4,2020,2008419.48,51307|42 63,415000
51307,42 64,4,2020,98365.98,51307|42 64,415000
51307,42 65,4,2020,53755.74,51307|42 65,415000
51307,42 67,4,2020,113865.14,51307|42 67,415000
51307,42 68,4,2020,40255.93,51307|42 68,415000
51307,42 78,4,2020,11552.53,51307|42 78,415000
51307,42 82,4,2020,482050.26,51307|42 82,415000
51307,42 83,4,2020,497091.69,51307|42 83,415000
51307,42 84,4,2020,1278601.19,51307|42 84,415000
51307,42 92,4,2020,1064618.19,51307|42 92,415000
51307,42 94,4,2020,453234.9,51307|42 94,415000
51307,43 11,4,2020,2840696.74,51307|43 11,415000
51307,43 92,4,2020,67395.79,51307|43 92,415000
51307,44 23,4,2020,59732.65,51307|44 23,415000
51307,44 24,4,2020,216443.01,51307|44 24,415000
51307,44 25,4,2020,543567.1,51307|44 25,415000
51307,44 26,4,2020,506322.03,51307|44 26,415000
51307,44 27,4,2020,264931.87,51307|44 27,415000
51307,44 28,4,2020,939559.43,51307|44 28,415000
51307,44 29,4,2020,983129.12,51307|44 29,415000
51307,44 92,4,2020,77019.14,51307|44 92,415000
51308,11 11,4,2020,593770.78,51308|11 11,415000
51308,11 12,4,2020,1445728.74,51308|11 12,415000
51308,11 13,4,2020,1067584.51,51308|11 13,415000
51308,11 17,4,2020,376846.01,51308|11 17,415000
51308,11 18,4,2020,164832.08,51308|11 18,415000
51308,12 30,4,2020,352205,51308|12 30,415000
51308,12 31,4,2020,277423,51308|12 31,415000
51308,12 35,4,2020,238124,51308|12 35,415000
51308,12 3Z,4,2020,221987,51308|12 3Z,415000
51308,12 40,4,2020,194101,51308|12 40,415000
51308,12 92,4,2020,96985,51308|12 92,415000
51308,12 95,4,2020,90415.45,51308|12 95,415000
51308,14 30,4,2020,111652.38,51308|14 30,415000
51308,14 31,4,2020,31177.32,51308|14 31,415000
51308,14 35,4,2020,446346.48,51308|14 35,415000
51308,14 3N,4,2020,22249,51308|14 3N,415000
51308,14 3S,4,2020,8577,51308|14 3S,415000
51308,14 3Z,4,2020,53967,51308|14 3Z,415000
51308,14 40,4,2020,30851.23,51308|14 40,415000
51308,14 92,4,2020,155274.49,51308|14 92,415000
51308,15 3G,4,2020,47575.02,51308|15 3G,415000
51308,15 3H,4,2020,52373.76,51308|15 3H,415000
51308,15 3I,4,2020,999.24,51308|15 3I,415000
51308,15 92,4,2020,67027.28,51308|15 92,415000
51308,42 61,4,2020,306540.86,51308|42 61,415000
51308,42 62,4,2020,15816.41,51308|42 62,415000
51308,42 63,4,2020,756850.25,51308|42 63,415000
51308,42 64,4,2020,120312.97,51308|42 64,415000
51308,42 65,4,2020,122433.82,51308|42 65,415000
51308,42 67,4,2020,93198.83,51308|42 67,415000
51308,42 68,4,2020,1928.92,51308|42 68,415000
51308,42 78,4,2020,54593.08,51308|42 78,415000
51308,42 82,4,2020,807406.33,51308|42 82,415000
51308,42 83,4,2020,193192.14,51308|42 83,415000
51308,42 84,4,2020,2490615.07,51308|42 84,415000
51308,42 92,4,2020,147433.8,51308|42 92,415000
51308,42 94,4,2020,2031,51308|42 94,415000
51308,43 11,4,2020,2145004.55,51308|43 11,415000
51308,43 92,4,2020,73082.92,51308|43 92,415000
51308,44 23,4,2020,208014.21,51308|44 23,415000
51308,44 24,4,2020,371550.23,51308|44 24,415000
51308,44 25,4,2020,1134868.04,51308|44 25,415000
51308,44 26,4,2020,719738.16,51308|44 26,415000
51308,44 27,4,2020,740854.08,51308|44 27,415000
51308,44 28,4,2020,586303.56,51308|44 28,415000
51308,44 29,4,2020,731419.31,51308|44 29,415000
51309,11 11,4,2020,47417.48,51309|11 11,415000
51309,11 12,4,2020,58744.09,51309|11 12,415000
51309,11 13,4,2020,53833.65,51309|11 13,415000
51309,11 17,4,2020,23882.49,51309|11 17,415000
51309,11 18,4,2020,10678.89,51309|11 18,415000
51309,12 92,4,2020,119461.22,51309|12 92,415000
51309,14 92,4,2020,15535.12,51309|14 92,415000
51309,15 92,4,2020,42146,51309|15 92,415000
51309,42 61,4,2020,27230.64,51309|42 61,415000
51309,42 62,4,2020,11557.47,51309|42 62,415000
51309,42 63,4,2020,32417.44,51309|42 63,415000
51309,42 64,4,2020,15560.37,51309|42 64,415000
51309,42 65,4,2020,15560.37,51309|42 65,415000
51309,42 67,4,2020,25933.95,51309|42 67,415000
51309,42 68,4,2020,1409.51,51309|42 68,415000
51309,42 78,4,2020,11114.55,51309|42 78,415000
51309,42 82,4,2020,55572.75,51309|42 82,415000
51309,42 83,4,2020,33343.65,51309|42 83,415000
51309,42 84,4,2020,122260.05,51309|42 84,415000
51309,42 92,4,2020,18524.25,51309|42 92,415000
51309,43 11,4,2020,152435.72,51309|43 11,415000
51309,44 21,4,2020,43287.44,51309|44 21,415000
51309,44 23,4,2020,27054.66,51309|44 23,415000
51309,44 24,4,2020,27054.65,51309|44 24,415000
51309,44 25,4,2020,108218.6,51309|44 25,415000
51309,44 26,4,2020,113629.53,51309|44 26,415000
51309,44 27,4,2020,81163.95,51309|44 27,415000
51309,44 28,4,2020,70342.09,51309|44 28,415000
51309,44 29,4,2020,70342.09,51309|44 29,415000
51310,12 3A,4,2020,102716.44,51310|12 3A,415000
51310,12 92,4,2020,872478.82,51310|12 92,415000
51310,14 92,4,2020,295287.17,51310|14 92,415000
51310,15 92,4,2020,327279.13,51310|15 92,415000
51310,42 92,4,2020,945943.64,51310|42 92,415000
51310,43 92,4,2020,309693.36,51310|43 92,415000
51310,44 92,4,2020,693741.26,51310|44 92,415000
51311,12 31,4,2020,187200,51311|12 31,415000
51311,42 61,4,2020,8491.23,51311|42 61,415000
51311,42 62,4,2020,31759.04,51311|42 62,415000
51311,42 63,4,2020,44214.8,51311|42 63,415000
51311,42 64,4,2020,3696.03,51311|42 64,415000
51311,42 65,4,2020,4409.53,51311|42 65,415000
51311,42 67,4,2020,2134.06,51311|42 67,415000
51311,42 68,4,2020,12814.23,51311|42 68,415000
51311,42 78,4,2020,617.41,51311|42 78,415000
51311,42 82,4,2020,420224.16,51311|42 82,415000
51311,42 83,4,2020,224865.93,51311|42 83,415000
51311,42 84,4,2020,900862.3,51311|42 84,415000
51311,44 21,4,2020,88287.82,51311|44 21,415000
51311,44 23,4,2020,7300.72,51311|44 23,415000
51311,44 24,4,2020,26613.68,51311|44 24,415000
51311,44 25,4,2020,90987.64,51311|44 25,415000
51311,44 26,4,2020,41766.93,51311|44 26,415000
51311,44 27,4,2020,32428.79,51311|44 27,415000
51311,44 28,4,2020,78864.79,51311|44 28,415000
51311,44 29,4,2020,82642.5,51311|44 29,415000
51312,11 11,4,2020,244436.41,51312|11 11,415000
51312,11 12,4,2020,238649.95,51312|11 12,415000
51312,11 13,4,2020,237530.4,51312|11 13,415000
51312,11 17,4,2020,143201.79,51312|11 17,415000
51312,11 18,4,2020,127176.84,51312|11 18,415000
51312,12 30,4,2020,5509.27,51312|12 30,415000
51312,12 31,4,2020,163516.84,51312|12 31,415000
51312,12 3Z,4,2020,480624.76,51312|12 3Z,415000
51312,14 31,4,2020,15698.93,51312|14 31,415000
51312,14 3N,4,2020,136203.91,51312|14 3N,415000
51312,15 3G,4,2020,778.98,51312|15 3G,415000
51312,15 3H,4,2020,1995.78,51312|15 3H,415000
51312,42 61,4,2020,168864.02,51312|42 61,415000
51312,42 62,4,2020,4538.06,51312|42 62,415000
51312,42 63,4,2020,166958.42,51312|42 63,415000
51312,42 64,4,2020,4410.97,51312|42 64,415000
51312,42 68,4,2020,553.45,51312|42 68,415000
51312,43 11,4,2020,183438.49,51312|43 11,415000
51312,44 21,4,2020,35955.43,51312|44 21,415000
51312,44 23,4,2020,1732.64,51312|44 23,415000
51312,44 24,4,2020,12622.85,51312|44 24,415000
51312,44 25,4,2020,276793.67,51312|44 25,415000
51312,44 26,4,2020,67550.4,51312|44 26,415000
51312,44 27,4,2020,40518.2,51312|44 27,415000
51312,44 28,4,2020,114393.59,51312|44 28,415000
51312,44 29,4,2020,32413.77,51312|44 29,415000
51313,11 11,4,2020,472504.49,51313|11 11,415000
51313,11 12,4,2020,614285.09,51313|11 12,415000
51313,11 13,4,2020,535082.26,51313|11 13,415000
51313,11 14,4,2020,1749.24,51313|11 14,415000
51313,11 17,4,2020,299491.4,51313|11 17,415000
51313,11 18,4,2020,173114.22,51313|11 18,415000
51313,12 30,4,2020,557803.18,51313|12 30,415000
51313,12 31,4,2020,3266291.39,51313|12 31,415000
51313,12 3Z,4,2020,608137.93,51313|12 3Z,415000
51313,12 40,4,2020,45617.94,51313|12 40,415000
51313,12 41,4,2020,397.36,51313|12 41,415000
51313,12 51,4,2020,1791.13,51313|12 51,415000
51313,14 30,4,2020,646598.93,51313|14 30,415000
51313,14 31,4,2020,188965.53,51313|14 31,415000
51313,14 3N,4,2020,1609723.93,51313|14 3N,415000
51313,14 3S,4,2020,350544.68,51313|14 3S,415000
51313,14 3Z,4,2020,699110.62,51313|14 3Z,415000
51313,14 40,4,2020,52226.2,51313|14 40,415000
51313,15 3G,4,2020,372597.1,51313|15 3G,415000
51313,15 3H,4,2020,728274.98,51313|15 3H,415000
51313,42 61,4,2020,256589.52,51313|42 61,415000
51313,42 62,4,2020,472913.22,51313|42 62,415000
51313,42 63,4,2020,1263531.9,51313|42 63,415000
51313,42 64,4,2020,145850.72,51313|42 64,415000
51313,42 65,4,2020,135533.91,51313|42 65,415000
51313,42 67,4,2020,347902.47,51313|42 67,415000
51313,42 78,4,2020,45036.85,51313|42 78,415000
51313,42 82,4,2020,666074.18,51313|42 82,415000
51313,42 83,4,2020,159374.89,51313|42 83,415000
51313,42 84,4,2020,2054646.24,51313|42 84,415000
51313,43 11,4,2020,1673883.69,51313|43 11,415000
51313,44 23,4,2020,826696.38,51313|44 23,415000
51313,44 24,4,2020,3008003.01,51313|44 24,415000
51313,44 25,4,2020,7538554,51313|44 25,415000
51313,44 26,4,2020,6342645.74,51313|44 26,415000
51313,44 27,4,2020,3673441.81,51313|44 27,415000
51313,44 28,4,2020,13033327.57,51313|44 28,415000
51313,44 29,4,2020,13635944.94,51313|44 29,415000
51314,11 11,4,2020,-150431.51,51314|11 11,415000
51314,11 12,4,2020,-10910.24,51314|11 12,415000
51314,11 13,4,2020,-3695.36,51314|11 13,415000
51314,42 61,4,2020,-400,51314|42 61,415000
51314,42 62,4,2020,-107.28,51314|42 62,415000
51314,42 63,4,2020,-269857.8,51314|42 63,415000
51314,42 64,4,2020,-49800,51314|42 64,415000
51314,42 65,4,2020,-26210,51314|42 65,415000
51314,42 82,4,2020,-118452.67,51314|42 82,415000
51314,42 84,4,2020,-3802.29,51314|42 84,415000
51314,43 11,4,2020,-31045.8,51314|43 11,415000
51315,12 3A,4,2020,157594.27,51315|12 3A,415000
51315,12 92,4,2020,455985.8,51315|12 92,415000
51315,14 92,4,2020,70013.09,51315|14 92,415000
51315,15 92,4,2020,85729.78,51315|15 92,415000
51315,42 92,4,2020,330883.67,51315|42 92,415000
51315,43 92,4,2020,173477.04,51315|43 92,415000
51315,44 92,4,2020,240440.92,51315|44 92,415000
51316,11 12,4,2020,38177.5,51316|11 12,415000
51316,43 11,4,2020,49380,51316|43 11,415000
51399,11 11,4,2020,120580.57,51399|11 11,415000
51399,11 12,4,2020,113979.72,51399|11 12,415000
51399,11 13,4,2020,253732.22,51399|11 13,415000
51399,11 17,4,2020,171177.05,51399|11 17,415000
51399,11 18,4,2020,19448.26,51399|11 18,415000
51399,12 30,4,2020,278282.17,51399|12 30,415000
51399,12 31,4,2020,1978381,51399|12 31,415000
51399,12 35,4,2020,-3220,51399|12 35,415000
51399,12 3Z,4,2020,101298.24,51399|12 3Z,415000
51399,12 40,4,2020,9575.63,51399|12 40,415000
51399,12 92,4,2020,302270.58,51399|12 92,415000
51399,12 95,4,2020,4096,51399|12 95,415000
51399,14 30,4,2020,468116.13,51399|14 30,415000
51399,14 31,4,2020,103813.83,51399|14 31,415000
51399,14 35,4,2020,26472.55,51399|14 35,415000
51399,14 3N,4,2020,221345.16,51399|14 3N,415000
51399,14 3S,4,2020,52672.31,51399|14 3S,415000
51399,14 3Z,4,2020,61238.1,51399|14 3Z,415000
51399,14 40,4,2020,5555.12,51399|14 40,415000
51399,14 92,4,2020,246914.36,51399|14 92,415000
51399,15 3G,4,2020,33120.4,51399|15 3G,415000
51399,15 3H,4,2020,112663.73,51399|15 3H,415000
51399,15 3I,4,2020,140,51399|15 3I,415000
51399,15 92,4,2020,129765,51399|15 92,415000
51399,42 61,4,2020,420335.78,51399|42 61,415000
51399,42 62,4,2020,28934.55,51399|42 62,415000
51399,42 63,4,2020,89497.77,51399|42 63,415000
51399,42 64,4,2020,13625.29,51399|42 64,415000
51399,42 65,4,2020,8871.92,51399|42 65,415000
51399,42 67,4,2020,4279.95,51399|42 67,415000
51399,42 68,4,2020,3528.76,51399|42 68,415000
51399,42 78,4,2020,5077.14,51399|42 78,415000
51399,42 82,4,2020,435411.23,51399|42 82,415000
51399,42 83,4,2020,9925.39,51399|42 83,415000
51399,42 84,4,2020,258360.19,51399|42 84,415000
51399,42 92,4,2020,889929.51,51399|42 92,415000
51399,42 94,4,2020,138000.33,51399|42 94,415000
51399,43 11,4,2020,1377587,51399|43 11,415000
51399,43 92,4,2020,236841.23,51399|43 92,415000
51399,44 23,4,2020,24716,51399|44 23,415000
51399,44 24,4,2020,89559.14,51399|44 24,415000
51399,44 25,4,2020,224915.58,51399|44 25,415000
51399,44 26,4,2020,209504.43,51399|44 26,415000
51399,44 27,4,2020,109622.72,51399|44 27,415000
51399,44 28,4,2020,388768.1,51399|44 28,415000
51399,44 29,4,2020,406796.24,51399|44 29,415000
51399,44 92,4,2020,168441.23,51399|44 92,415000
51401,12 92,4,2020,33111.91,51401|12 92,415000
51401,14 92,4,2020,6766.73,51401|14 92,415000
51401,15 92,4,2020,8442.32,51401|15 92,415000
51401,42 92,4,2020,17216.39,51401|42 92,415000
51401,42 94,4,2020,2411.34,51401|42 94,415000
51401,43 92,4,2020,15164.17,51401|43 92,415000
51401,44 92,4,2020,8646.78,51401|44 92,415000
51402,12 3A,4,2020,2870.1,51402|12 3A,415000
51402,12 92,4,2020,57646.81,51402|12 92,415000
51402,14 92,4,2020,6318.5,51402|14 92,415000
51402,15 92,4,2020,1437.2,51402|15 92,415000
51402,42 92,4,2020,36478.6,51402|42 92,415000
51402,42 94,4,2020,10728.62,51402|42 94,415000
51402,43 92,4,2020,38195.69,51402|43 92,415000
51402,44 92,4,2020,23848.63,51402|44 92,415000
51403,12 92,4,2020,19817.36,51403|12 92,415000
51403,42 92,4,2020,19481.05,51403|42 92,415000
51403,43 92,4,2020,23558.19,51403|43 92,415000
51403,44 92,4,2020,6273.41,51403|44 92,415000
51404,12 92,4,2020,5784,51404|12 92,415000
51404,42 92,4,2020,14560.8,51404|42 92,415000
51404,44 92,4,2020,14720,51404|44 92,415000
51405,11 11,4,2020,143469.65,51405|11 11,415000
51405,11 12,4,2020,32792.46,51405|11 12,415000
51405,11 13,4,2020,129451.32,51405|11 13,415000
51405,11 17,4,2020,13331.82,51405|11 17,415000
51405,11 18,4,2020,5961.23,51405|11 18,415000
51405,12 30,4,2020,57745.86,51405|12 30,415000
51405,12 31,4,2020,101902.64,51405|12 31,415000
51405,12 3B,4,2020,2842.5,51405|12 3B,415000
51405,12 3z,4,2020,46356.43,51405|12 3z,415000
51405,12 40,4,2020,42652.57,51405|12 40,415000
51405,12 92,4,2020,152225,51405|12 92,415000
51405,14 30,4,2020,75000,51405|14 30,415000
51405,14 31,4,2020,50000,51405|14 31,415000
51405,14 35,4,2020,12500,51405|14 35,415000
51405,14 40,4,2020,12500,51405|14 40,415000
51405,14 92,4,2020,25000,51405|14 92,415000
51405,15 92,4,2020,82841.52,51405|15 92,415000
51405,42 61,4,2020,13011.3,51405|42 61,415000
51405,42 62,4,2020,21675.88,51405|42 62,415000
51405,42 63,4,2020,45482.05,51405|42 63,415000
51405,42 64,4,2020,5670.25,51405|42 64,415000
51405,42 65,4,2020,6763.4,51405|42 65,415000
51405,42 67,4,2020,3263.25,51405|42 67,415000
51405,42 68,4,2020,2643.52,51405|42 68,415000
51405,42 78,4,2020,817,51405|42 78,415000
51405,42 82,4,2020,26512.3,51405|42 82,415000
51405,42 83,4,2020,4983.85,51405|42 83,415000
51405,42 84,4,2020,48177.2,51405|42 84,415000
51405,42 92,4,2020,1958.5,51405|42 92,415000
51405,42 94,4,2020,46000,51405|42 94,415000
51405,43 11,4,2020,220593.52,51405|43 11,415000
51405,43 92,4,2020,500,51405|43 92,415000
51405,44 92,4,2020,5016,51405|44 92,415000
51407,15 3G,4,2020,392,51407|15 3G,415000
51407,15 3H,4,2020,414.4,51407|15 3H,415000
51407,15 3I,4,2020,11.2,51407|15 3I,415000
51407,15 92,4,2020,302.4,51407|15 92,415000
51408,11 11,4,2020,149612.97,51408|11 11,415000
51408,11 12,4,2020,185351.02,51408|11 12,415000
51408,11 13,4,2020,203855.74,51408|11 13,415000
51408,11 17,4,2020,105047.43,51408|11 17,415000
51408,11 18,4,2020,33694.34,51408|11 18,415000
51408,12 30,4,2020,320089.53,51408|12 30,415000
51408,12 31,4,2020,279324.81,51408|12 31,415000
51408,12 35,4,2020,73728,51408|12 35,415000
51408,12 3Z,4,2020,194345.03,51408|12 3Z,415000
51408,12 40,4,2020,98889.6,51408|12 40,415000
51408,14 30,4,2020,150050,51408|14 30,415000
51408,14 31,4,2020,41344,51408|14 31,415000
51408,14 35,4,2020,85793,51408|14 35,415000
51408,14 3N,4,2020,335923,51408|14 3N,415000
51408,14 3S,4,2020,57586,51408|14 3S,415000
51408,14 40,4,2020,37827,51408|14 40,415000
51408,15 3G,4,2020,16100,51408|15 3G,415000
51408,15 3H,4,2020,332392,51408|15 3H,415000
51408,42 61,4,2020,54237.33,51408|42 61,415000
51408,42 62,4,2020,117823.26,51408|42 62,415000
51408,42 63,4,2020,202359.26,51408|42 63,415000
51408,42 64,4,2020,30899.66,51408|42 64,415000
51408,42 65,4,2020,28814.03,51408|42 65,415000
51408,42 67,4,2020,23592.46,51408|42 67,415000
51408,42 78,4,2020,7024.93,51408|42 78,415000
51408,42 82,4,2020,104472.92,51408|42 82,415000
51408,42 83,4,2020,24997.76,51408|42 83,415000
51408,42 84,4,2020,295422.39,51408|42 84,415000
51408,43 11,4,2020,480969.42,51408|43 11,415000
51408,44 21,4,2020,24453.1,51408|44 21,415000
51408,44 23,4,2020,2022.08,51408|44 23,415000
51408,44 24,4,2020,7371.2,51408|44 24,415000
51408,44 25,4,2020,18433.88,51408|44 25,415000
51408,44 26,4,2020,11568.2,51408|44 26,415000
51408,44 27,4,2020,8981.81,51408|44 27,415000
51408,44 28,4,2020,21843.21,51408|44 28,415000
51408,44 29,4,2020,22889.52,51408|44 29,415000
51409,11 11,4,2020,163565.24,51409|11 11,415000
51409,11 12,4,2020,119108.04,51409|11 12,415000
51409,11 13,4,2020,202119.46,51409|11 13,415000
51409,11 17,4,2020,77222.46,51409|11 17,415000
51409,11 18,4,2020,18909.28,51409|11 18,415000
51409,12 30,4,2020,98513.72,51409|12 30,415000
51409,12 31,4,2020,155387.35,51409|12 31,415000
51409,12 35,4,2020,8056.57,51409|12 35,415000
51409,12 3A,4,2020,5815.27,51409|12 3A,415000
51409,12 3B,4,2020,3221,51409|12 3B,415000
51409,12 3Z,4,2020,81336.86,51409|12 3Z,415000
51409,12 40,4,2020,13449.04,51409|12 40,415000
51409,12 92,4,2020,81777.25,51409|12 92,415000
51409,12 95,4,2020,43341.94,51409|12 95,415000
51409,14 30,4,2020,303826.95,51409|14 30,415000
51409,14 31,4,2020,52441.02,51409|14 31,415000
51409,14 35,4,2020,46353.07,51409|14 35,415000
51409,14 3N,4,2020,112110.28,51409|14 3N,415000
51409,14 3S,4,2020,25315.22,51409|14 3S,415000
51409,14 3Z,4,2020,139240.73,51409|14 3Z,415000
51409,14 40,4,2020,41531.13,51409|14 40,415000
51409,14 92,4,2020,112836.37,51409|14 92,415000
51409,15 3G,4,2020,58420.71,51409|15 3G,415000
51409,15 3H,4,2020,61759.03,51409|15 3H,415000
51409,15 3I,4,2020,1669.16,51409|15 3I,415000
51409,15 92,4,2020,45067.4,51409|15 92,415000
51409,42 61,4,2020,97396.49,51409|42 61,415000
51409,42 62,4,2020,110669.03,51409|42 62,415000
51409,42 63,4,2020,301760,51409|42 63,415000
51409,42 64,4,2020,57373.12,51409|42 64,415000
51409,42 65,4,2020,63438.68,51409|42 65,415000
51409,42 67,4,2020,21478.73,51409|42 67,415000
51409,42 68,4,2020,13496.83,51409|42 68,415000
51409,42 78,4,2020,5647.25,51409|42 78,415000
51409,42 82,4,2020,138800.13,51409|42 82,415000
51409,42 83,4,2020,92196.73,51409|42 83,415000
51409,42 84,4,2020,683378.29,51409|42 84,415000
51409,42 92,4,2020,235523.22,51409|42 92,415000
51409,42 94,4,2020,43124.05,51409|42 94,415000
51409,43 11,4,2020,445757.74,51409|43 11,415000
51409,43 92,4,2020,245474.91,51409|43 92,415000
51409,44 21,4,2020,204009.56,51409|44 21,415000
51409,44 23,4,2020,123235.06,51409|44 23,415000
51409,44 24,4,2020,140915.88,51409|44 24,415000
51409,44 25,4,2020,528301.84,51409|44 25,415000
51409,44 26,4,2020,555934.34,51409|44 26,415000
51409,44 27,4,2020,390703.18,51409|44 27,415000
51409,44 28,4,2020,342072.62,51409|44 28,415000
51409,44 29,4,2020,323827.87,51409|44 29,415000
51409,44 92,4,2020,194057.87,51409|44 92,415000
51499,12 92,4,2020,1228,51499|12 92,415000
51500,11 11,4,2020,183335.09,51500|11 11,415000
51500,11 12,4,2020,320592.2,51500|11 12,415000
51500,11 13,4,2020,270606.52,51500|11 13,415000
51500,11 17,4,2020,99808.54,51500|11 17,415000
51500,11 18,4,2020,36308.82,51500|11 18,415000
51500,12 30,4,2020,360426.84,51500|12 30,415000
51500,12 31,4,2020,565679.7,51500|12 31,415000
51500,12 3Z,4,2020,221593.15,51500|12 3Z,415000
51500,12 40,4,2020,27860.78,51500|12 40,415000
51500,12 92,4,2020,-1175560.47,51500|12 92,415000
51500,14 30,4,2020,193626.06,51500|14 30,415000
51500,14 31,4,2020,53118.21,51500|14 31,415000
51500,14 3N,4,2020,96940.72,51500|14 3N,415000
51500,14 3S,4,2020,31973.07,51500|14 3S,415000
51500,14 3Z,4,2020,115021.34,51500|14 3Z,415000
51500,14 40,4,2020,20072.55,51500|14 40,415000
51500,14 92,4,2020,-510751.95,51500|14 92,415000
51500,15 3G,4,2020,119640.74,51500|15 3G,415000
51500,15 3H,4,2020,203493.75,51500|15 3H,415000
51500,15 3I,4,2020,3395.92,51500|15 3I,415000
51500,15 92,4,2020,-326530.41,51500|15 92,415000
51500,42 61,4,2020,59231.77,51500|42 61,415000
51500,42 62,4,2020,102810.12,51500|42 62,415000
51500,42 63,4,2020,186681.54,51500|42 63,415000
51500,42 64,4,2020,21837.49,51500|42 64,415000
51500,42 65,4,2020,26572.17,51500|42 65,415000
51500,42 67,4,2020,15073.66,51500|42 67,415000
51500,42 68,4,2020,31596.72,51500|42 68,415000
51500,42 78,4,2020,4734.68,51500|42 78,415000
51500,42 82,4,2020,160882.38,51500|42 82,415000
51500,42 83,4,2020,32852.86,51500|42 83,415000
51500,42 84,4,2020,323987.16,51500|42 84,415000
51500,42 92,4,2020,-966260.55,51500|42 92,415000
51500,43 11,4,2020,717546.88,51500|43 11,415000
51500,43 92,4,2020,-1628198.05,51500|43 92,415000
51500,44 24,4,2020,141553.42,51500|44 24,415000
51500,44 25,4,2020,427935.88,51500|44 25,415000
51500,44 26,4,2020,302058.61,51500|44 26,415000
51500,44 27,4,2020,150444.38,51500|44 27,415000
51500,44 28,4,2020,866634.5,51500|44 28,415000
51500,44 29,4,2020,451099.17,51500|44 29,415000
51500,44 92,4,2020,-2339725.96,51500|44 92,415000
51501,11 11,4,2020,230369.06,51501|11 11,415000
51501,11 12,4,2020,171314.83,51501|11 12,415000
51501,11 13,4,2020,311692.97,51501|11 13,415000
51501,11 17,4,2020,42953.16,51501|11 17,415000
51501,11 18,4,2020,37135.74,51501|11 18,415000
51501,12 35,4,2020,126339.86,51501|12 35,415000
51501,12 40,4,2020,63562.14,51501|12 40,415000
51501,12 43,4,2020,16896.27,51501|12 43,415000
51501,12 92,4,2020,159238.22,51501|12 92,415000
51501,14 30,4,2020,98952,51501|14 30,415000
51501,14 31,4,2020,17098.76,51501|14 31,415000
51501,14 35,4,2020,219947.45,51501|14 35,415000
51501,14 3N,4,2020,16112.29,51501|14 3N,415000
51501,14 3S,4,2020,22195.5,51501|14 3S,415000
51501,14 3Z,4,2020,53574.54,51501|14 3Z,415000
51501,14 40,4,2020,26939.94,51501|14 40,415000
51501,14 92,4,2020,213414.09,51501|14 92,415000
51501,15 3G,4,2020,155297.73,51501|15 3G,415000
51501,15 3H,4,2020,256394.87,51501|15 3H,415000
51501,15 3I,4,2020,8628.68,51501|15 3I,415000
51501,15 92,4,2020,97971.08,51501|15 92,415000
51501,42 61,4,2020,74754.09,51501|42 61,415000
51501,42 62,4,2020,73936.1,51501|42 62,415000
51501,42 63,4,2020,219186.37,51501|42 63,415000
51501,42 64,4,2020,39264.33,51501|42 64,415000
51501,42 65,4,2020,44399.31,51501|42 65,415000
51501,42 67,4,2020,21880.77,51501|42 67,415000
51501,42 78,4,2020,3951.79,51501|42 78,415000
51501,42 79,4,2020,2506.01,51501|42 79,415000
51501,42 82,4,2020,69300.88,51501|42 82,415000
51501,42 83,4,2020,39807.04,51501|42 83,415000
51501,42 84,4,2020,249444.62,51501|42 84,415000
51501,42 92,4,2020,139689.12,51501|42 92,415000
51501,43 11,4,2020,191891.27,51501|43 11,415000
51501,43 92,4,2020,146592.6,51501|43 92,415000
51501,44 21,4,2020,6452.99,51501|44 21,415000
51501,44 24,4,2020,95752.21,51501|44 24,415000
51501,44 25,4,2020,301402.54,51501|44 25,415000
51501,44 26,4,2020,229882.55,51501|44 26,415000
51501,44 27,4,2020,125720.33,51501|44 27,415000
51501,44 28,4,2020,605581.67,51501|44 28,415000
51501,44 29,4,2020,343086.89,51501|44 29,415000
51501,44 92,4,2020,384901.04,51501|44 92,415000
51502,11 11,4,2020,91157.43,51502|11 11,415000
51502,11 12,4,2020,98134.49,51502|11 12,415000
51502,11 13,4,2020,175322.3,51502|11 13,415000
51502,11 17,4,2020,79023.78,51502|11 17,415000
51502,11 18,4,2020,12941.6,51502|11 18,415000
51502,12 30,4,2020,170638.16,51502|12 30,415000
51502,12 31,4,2020,356555.41,51502|12 31,415000
51502,12 35,4,2020,23653.42,51502|12 35,415000
51502,12 3Z,4,2020,97757.01,51502|12 3Z,415000
51502,12 40,4,2020,77371.02,51502|12 40,415000
51502,12 43,4,2020,7085.99,51502|12 43,415000
51502,12 92,4,2020,294537.51,51502|12 92,415000
51502,14 30,4,2020,649983.88,51502|14 30,415000
51502,14 31,4,2020,173632.74,51502|14 31,415000
51502,14 35,4,2020,42674.58,51502|14 35,415000
51502,14 3N,4,2020,90310.95,51502|14 3N,415000
51502,14 3S,4,2020,109763.29,51502|14 3S,415000
51502,14 3Z,4,2020,89847.31,51502|14 3Z,415000
51502,14 40,4,2020,31838.61,51502|14 40,415000
51502,14 92,4,2020,92234.68,51502|14 92,415000
51502,15 3G,4,2020,61340.68,51502|15 3G,415000
51502,15 3H,4,2020,107908.63,51502|15 3H,415000
51502,15 3I,4,2020,2958.94,51502|15 3I,415000
51502,15 92,4,2020,56237.26,51502|15 92,415000
51502,42 61,4,2020,119983.57,51502|42 61,415000
51502,42 62,4,2020,86212.46,51502|42 62,415000
51502,42 63,4,2020,385270.38,51502|42 63,415000
51502,42 64,4,2020,34279.76,51502|42 64,415000
51502,42 65,4,2020,39520.03,51502|42 65,415000
51502,42 67,4,2020,29902.54,51502|42 67,415000
51502,42 78,4,2020,5374.56,51502|42 78,415000
51502,42 79,4,2020,1710.21,51502|42 79,415000
51502,42 80,4,2020,15747.11,51502|42 80,415000
51502,42 82,4,2020,141726.18,51502|42 82,415000
51502,42 83,4,2020,354312.61,51502|42 83,415000
51502,42 84,4,2020,363600.62,51502|42 84,415000
51502,42 92,4,2020,293213.77,51502|42 92,415000
51502,42 94,4,2020,1063361.87,51502|42 94,415000
51502,43 11,4,2020,302043.8,51502|43 11,415000
51502,43 92,4,2020,554043.13,51502|43 92,415000
51502,44 21,4,2020,1060.56,51502|44 21,415000
51502,44 23,4,2020,7342.45,51502|44 23,415000
51502,44 24,4,2020,41772.8,51502|44 24,415000
51502,44 25,4,2020,112926.25,51502|44 25,415000
51502,44 26,4,2020,88103.75,51502|44 26,415000
51502,44 27,4,2020,155508.65,51502|44 27,415000
51502,44 28,4,2020,239854.54,51502|44 28,415000
51502,44 29,4,2020,142105.12,51502|44 29,415000
51502,44 92,4,2020,451226.46,51502|44 92,415000
51503,11 11,4,2020,11169.6,51503|11 11,415000
51503,11 12,4,2020,53553.89,51503|11 12,415000
51503,11 13,4,2020,138222.08,51503|11 13,415000
51503,11 17,4,2020,218230.06,51503|11 17,415000
51503,11 18,4,2020,274.46,51503|11 18,415000
51503,12 30,4,2020,38909.45,51503|12 30,415000
51503,12 31,4,2020,78245.76,51503|12 31,415000
51503,12 40,4,2020,4014.27,51503|12 40,415000
51503,12 92,4,2020,41520.07,51503|12 92,415000
51503,14 30,4,2020,57077.78,51503|14 30,415000
51503,14 31,4,2020,5657.78,51503|14 31,415000
51503,14 35,4,2020,14126.59,51503|14 35,415000
51503,14 3N,4,2020,4912.89,51503|14 3N,415000
51503,14 3S,4,2020,803.52,51503|14 3S,415000
51503,14 3Z,4,2020,10829.59,51503|14 3Z,415000
51503,14 40,4,2020,4303.03,51503|14 40,415000
51503,14 92,4,2020,29626.45,51503|14 92,415000
51503,42 61,4,2020,3016.02,51503|42 61,415000
51503,42 62,4,2020,2955.2,51503|42 62,415000
51503,42 63,4,2020,56532.09,51503|42 63,415000
51503,42 64,4,2020,2300.88,51503|42 64,415000
51503,42 65,4,2020,2580.91,51503|42 65,415000
51503,42 67,4,2020,1261.95,51503|42 67,415000
51503,42 78,4,2020,41,51503|42 78,415000
51503,42 79,4,2020,26,51503|42 79,415000
51503,42 82,4,2020,719.03,51503|42 82,415000
51503,42 83,4,2020,7021.5,51503|42 83,415000
51503,42 84,4,2020,2588.09,51503|42 84,415000
51503,42 94,4,2020,43005.91,51503|42 94,415000
51503,43 11,4,2020,119842.64,51503|43 11,415000
51503,43 92,4,2020,147519.88,51503|43 92,415000
51503,44 21,4,2020,8.28,51503|44 21,415000
51503,44 24,4,2020,71.28,51503|44 24,415000
51503,44 25,4,2020,226.19,51503|44 25,415000
51503,44 26,4,2020,174.9,51503|44 26,415000
51503,44 27,4,2020,79.82,51503|44 27,415000
51503,44 28,4,2020,409.77,51503|44 28,415000
51503,44 29,4,2020,221.06,51503|44 29,415000
51503,44 92,4,2020,123.75,51503|44 92,415000
51504,11 11,4,2020,2086518.36,51504|11 11,415000
51504,11 12,4,2020,1710388.51,51504|11 12,415000
51504,11 13,4,2020,1587462.68,51504|11 13,415000
51504,11 17,4,2020,1819601.49,51504|11 17,415000
51504,11 18,4,2020,1279340.61,51504|11 18,415000
51504,12 30,4,2020,1335014.42,51504|12 30,415000
51504,12 31,4,2020,1187970.08,51504|12 31,415000
51504,12 35,4,2020,169899.61,51504|12 35,415000
51504,12 3Z,4,2020,2000355.37,51504|12 3Z,415000
51504,12 40,4,2020,563939.48,51504|12 40,415000
51504,14 30,4,2020,573697.38,51504|14 30,415000
51504,14 35,4,2020,115643.43,51504|14 35,415000
51504,14 3N,4,2020,103940,51504|14 3N,415000
51504,14 3Z,4,2020,75633.74,51504|14 3Z,415000
51504,14 40,4,2020,258794.56,51504|14 40,415000
51504,15 3G,4,2020,124877.28,51504|15 3G,415000
51504,15 3H,4,2020,116773.79,51504|15 3H,415000
51504,15 3I,4,2020,648.3,51504|15 3I,415000
51504,42 61,4,2020,778181.55,51504|42 61,415000
51504,42 62,4,2020,280597.32,51504|42 62,415000
51504,42 63,4,2020,3503525.99,51504|42 63,415000
51504,42 64,4,2020,302557.71,51504|42 64,415000
51504,42 65,4,2020,473774.96,51504|42 65,415000
51504,42 67,4,2020,601271.25,51504|42 67,415000
51504,42 78,4,2020,7565.27,51504|42 78,415000
51504,42 79,4,2020,19972.54,51504|42 79,415000
51504,42 82,4,2020,338129.3,51504|42 82,415000
51504,42 83,4,2020,1104731,51504|42 83,415000
51504,42 84,4,2020,2017130.47,51504|42 84,415000
51504,43 11,4,2020,3599924.88,51504|43 11,415000
51504,44 22,4,2020,40049.21,51504|44 22,415000
51504,44 23,4,2020,10480.3,51504|44 23,415000
51504,44 24,4,2020,904067.43,51504|44 24,415000
51504,44 25,4,2020,950488.61,51504|44 25,415000
51504,44 26,4,2020,845008.62,51504|44 26,415000
51504,44 27,4,2020,942389.86,51504|44 27,415000
51504,44 28,4,2020,13574819,51504|44 28,415000
51504,44 29,4,2020,12553298.2,51504|44 29,415000
51505,11 11,4,2020,245831.91,51505|11 11,415000
51505,11 12,4,2020,772935.71,51505|11 12,415000
51505,11 13,4,2020,912055.6,51505|11 13,415000
51505,11 17,4,2020,434488.13,51505|11 17,415000
51505,11 18,4,2020,17752.38,51505|11 18,415000
51505,12 30,4,2020,533783.36,51505|12 30,415000
51505,12 31,4,2020,1126740.48,51505|12 31,415000
51505,12 35,4,2020,183097.61,51505|12 35,415000
51505,12 3B,4,2020,25568.95,51505|12 3B,415000
51505,12 3Z,4,2020,639829.42,51505|12 3Z,415000
51505,12 40,4,2020,232522.17,51505|12 40,415000
51505,12 92,4,2020,431752.21,51505|12 92,415000
51505,14 30,4,2020,817956.73,51505|14 30,415000
51505,14 31,4,2020,310665.73,51505|14 31,415000
51505,14 35,4,2020,102182.51,51505|14 35,415000
51505,14 3N,4,2020,272175.71,51505|14 3N,415000
51505,14 3S,4,2020,403461.77,51505|14 3S,415000
51505,14 3Z,4,2020,400636.05,51505|14 3Z,415000
51505,14 40,4,2020,249725.87,51505|14 40,415000
51505,14 92,4,2020,123107.11,51505|14 92,415000
51505,15 3G,4,2020,86450.5,51505|15 3G,415000
51505,15 3H,4,2020,342579.63,51505|15 3H,415000
51505,15 3I,4,2020,1074.01,51505|15 3I,415000
51505,15 92,4,2020,168203.99,51505|15 92,415000
51505,42 61,4,2020,199747.73,51505|42 61,415000
51505,42 62,4,2020,111608.02,51505|42 62,415000
51505,42 63,4,2020,198189.43,51505|42 63,415000
51505,42 64,4,2020,23592.72,51505|42 64,415000
51505,42 65,4,2020,18916.81,51505|42 65,415000
51505,42 67,4,2020,186851.72,51505|42 67,415000
51505,42 78,4,2020,2631.69,51505|42 78,415000
51505,42 82,4,2020,138975.25,51505|42 82,415000
51505,42 83,4,2020,320256.02,51505|42 83,415000
51505,42 84,4,2020,615091.46,51505|42 84,415000
51505,42 92,4,2020,221901.98,51505|42 92,415000
51505,42 94,4,2020,320688.8,51505|42 94,415000
51505,43 11,4,2020,586304.92,51505|43 11,415000
51505,43 92,4,2020,388747.18,51505|43 92,415000
51505,44 21,4,2020,2100,51505|44 21,415000
51505,44 22,4,2020,4424.51,51505|44 22,415000
51505,44 23,4,2020,63290.92,51505|44 23,415000
51505,44 24,4,2020,113101.28,51505|44 24,415000
51505,44 25,4,2020,354866.65,51505|44 25,415000
51505,44 26,4,2020,360064.52,51505|44 26,415000
51505,44 27,4,2020,834377.76,51505|44 27,415000
51505,44 28,4,2020,2924848.46,51505|44 28,415000
51505,44 29,4,2020,2215811.81,51505|44 29,415000
51505,44 92,4,2020,320532.12,51505|44 92,415000
51506,11 11,4,2020,1694.55,51506|11 11,415000
51506,11 13,4,2020,244.7,51506|11 13,415000
51506,11 18,4,2020,255.93,51506|11 18,415000
51506,12 31,4,2020,3027.67,51506|12 31,415000
51506,12 35,4,2020,180.77,51506|12 35,415000
51506,12 40,4,2020,98.61,51506|12 40,415000
51506,12 92,4,2020,22978.07,51506|12 92,415000
51506,14 30,4,2020,6267.47,51506|14 30,415000
51506,14 35,4,2020,267.27,51506|14 35,415000
51506,14 3S,4,2020,191.45,51506|14 3S,415000
51506,14 40,4,2020,177.54,51506|14 40,415000
51506,14 92,4,2020,3205.09,51506|14 92,415000
51506,15 92,4,2020,4118.08,51506|15 92,415000
51506,42 61,4,2020,3380.34,51506|42 61,415000
51506,42 62,4,2020,1454.28,51506|42 62,415000
51506,42 63,4,2020,4315.99,51506|42 63,415000
51506,42 64,4,2020,967.12,51506|42 64,415000
51506,42 65,4,2020,2002.74,51506|42 65,415000
51506,42 67,4,2020,293.2,51506|42 67,415000
51506,42 78,4,2020,147.92,51506|42 78,415000
51506,42 82,4,2020,5216.18,51506|42 82,415000
51506,42 83,4,2020,2287.97,51506|42 83,415000
51506,42 84,4,2020,11993.57,51506|42 84,415000
51506,42 92,4,2020,7064.88,51506|42 92,415000
51506,42 94,4,2020,8265.89,51506|42 94,415000
51506,43 11,4,2020,56.9,51506|43 11,415000
51506,43 92,4,2020,60506.74,51506|43 92,415000
51506,44 24,4,2020,77.89,51506|44 24,415000
51506,44 25,4,2020,238.73,51506|44 25,415000
51506,44 26,4,2020,748.96,51506|44 26,415000
51506,44 27,4,2020,9436.51,51506|44 27,415000
51506,44 28,4,2020,607.18,51506|44 28,415000
51506,44 29,4,2020,1948.71,51506|44 29,415000
51506,44 92,4,2020,15771.35,51506|44 92,415000
51507,12 30,4,2020,1272.02,51507|12 30,415000
51507,12 31,4,2020,14358.85,51507|12 31,415000
51507,12 92,4,2020,225534.39,51507|12 92,415000
51507,14 30,4,2020,53162.26,51507|14 30,415000
51507,14 31,4,2020,5124.91,51507|14 31,415000
51507,14 3N,4,2020,5476,51507|14 3N,415000
51507,14 92,4,2020,49164.53,51507|14 92,415000
51507,15 3G,4,2020,1996.04,51507|15 3G,415000
51507,15 3H,4,2020,6145,51507|15 3H,415000
51507,15 3I,4,2020,32.68,51507|15 3I,415000
51507,42 92,4,2020,87800.64,51507|42 92,415000
51507,43 92,4,2020,157545.1,51507|43 92,415000
51507,44 92,4,2020,121682.35,51507|44 92,415000
51508,12 31,4,2020,114114.39,51508|12 31,415000
51509,42 92,4,2020,216590.16,51509|42 92,415000
51509,42 94,4,2020,-1435322.47,51509|42 94,415000
51509,43 92,4,2020,173243.42,51509|43 92,415000
51509,44 92,4,2020,1045488.89,51509|44 92,415000
51510,43 11,4,2020,-209161.41,51510|43 11,415000
51603,12 92,4,2020,40661.78,51603|12 92,415000
51603,14 92,4,2020,42343.66,51603|14 92,415000
51603,15 92,4,2020,25815,51603|15 92,415000
51603,42 92,4,2020,63325.73,51603|42 92,415000
51603,42 94,4,2020,1498.98,51603|42 94,415000
51603,43 92,4,2020,43872.7,51603|43 92,415000
51603,44 92,4,2020,130300,51603|44 92,415000
51604,12 92,4,2020,-18870,51604|12 92,415000
51604,12 95,4,2020,32870,51604|12 95,415000
51604,14 92,4,2020,370,51604|14 92,415000
51604,15 92,4,2020,1535,51604|15 92,415000
51604,42 92,4,2020,12677.02,51604|42 92,415000
51604,42 94,4,2020,244.51,51604|42 94,415000
51604,43 92,4,2020,9049.57,51604|43 92,415000
51604,44 92,4,2020,54927.46,51604|44 92,415000
51605,12 92,4,2020,-53450,51605|12 92,415000
51605,12 95,4,2020,76300,51605|12 95,415000
51605,42 92,4,2020,41775,51605|42 92,415000
51606,11 11,4,2020,1639.83,51606|11 11,415000
51606,11 12,4,2020,2031.54,51606|11 12,415000
51606,11 13,4,2020,1861.72,51606|11 13,415000
51606,11 17,4,2020,825.93,51606|11 17,415000
51606,11 18,4,2020,369.31,51606|11 18,415000
51606,12 31,4,2020,1500,51606|12 31,415000
51606,12 92,4,2020,52600,51606|12 92,415000
51606,14 30,4,2020,3200,51606|14 30,415000
51606,14 31,4,2020,800,51606|14 31,415000
51606,14 35,4,2020,800,51606|14 35,415000
51606,14 3N,4,2020,800,51606|14 3N,415000
51606,14 3S,4,2020,800,51606|14 3S,415000
51606,14 3Z,4,2020,800,51606|14 3Z,415000
51606,14 40,4,2020,800,51606|14 40,415000
51606,14 92,4,2020,58718,51606|14 92,415000
51606,15 92,4,2020,13450,51606|15 92,415000
51606,42 63,4,2020,4500,51606|42 63,415000
51606,42 84,4,2020,4500,51606|42 84,415000
51606,42 92,4,2020,91000,51606|42 92,415000
51606,43 11,4,2020,5271.67,51606|43 11,415000
51606,43 92,4,2020,23500,51606|43 92,415000
51606,44 28,4,2020,8000,51606|44 28,415000
51606,44 92,4,2020,1000,51606|44 92,415000
51607,12 3A,4,2020,32828.15,51607|12 3A,415000
51607,12 92,4,2020,200498.92,51607|12 92,415000
51607,14 92,4,2020,19127.35,51607|14 92,415000
51607,15 92,4,2020,29659.14,51607|15 92,415000
51607,42 92,4,2020,64654.46,51607|42 92,415000
51607,43 92,4,2020,69185.61,51607|43 92,415000
51607,44 92,4,2020,90424.16,51607|44 92,415000
51609,12 92,4,2020,240382.28,51609|12 92,415000
51609,14 92,4,2020,81000,51609|14 92,415000
51609,15 92,4,2020,128302,51609|15 92,415000
51609,42 92,4,2020,168294.38,51609|42 92,415000
51609,43 92,4,2020,268183.48,51609|43 92,415000
51609,44 92,4,2020,107284.26,51609|44 92,415000
51610,12 92,4,2020,197003.61,51610|12 92,415000
51610,12 95,4,2020,38074.79,51610|12 95,415000
51610,14 92,4,2020,92515.65,51610|14 92,415000
51610,15 3G,4,2020,14200,51610|15 3G,415000
51610,15 92,4,2020,42129.47,51610|15 92,415000
51610,42 92,4,2020,113708.43,51610|42 92,415000
51610,42 94,4,2020,2346.46,51610|42 94,415000
51610,43 92,4,2020,122065.38,51610|43 92,415000
51610,44 92,4,2020,92348.21,51610|44 92,415000
51611,12 30,4,2020,61145.15,51611|12 30,415000
51611,12 31,4,2020,62107.66,51611|12 31,415000
51611,12 35,4,2020,52.59,51611|12 35,415000
51611,12 3Z,4,2020,13180.97,51611|12 3Z,415000
51611,12 40,4,2020,3006.31,51611|12 40,415000
51611,12 92,4,2020,123733.8,51611|12 92,415000
51611,12 95,4,2020,105996.47,51611|12 95,415000
51611,14 30,4,2020,9386.13,51611|14 30,415000
51611,14 31,4,2020,1348.5,51611|14 31,415000
51611,14 35,4,2020,941.77,51611|14 35,415000
51611,14 3N,4,2020,4298.51,51611|14 3N,415000
51611,14 3S,4,2020,1448.15,51611|14 3S,415000
51611,14 3Z,4,2020,5180.1,51611|14 3Z,415000
51611,14 40,4,2020,905.19,51611|14 40,415000
51611,14 92,4,2020,24293,51611|14 92,415000
51611,15 3G,4,2020,11404.41,51611|15 3G,415000
51611,15 3H,4,2020,12009.76,51611|15 3H,415000
51611,15 3I,4,2020,229.35,51611|15 3I,415000
51611,15 92,4,2020,11162.86,51611|15 92,415000
51611,42 61,4,2020,18698.17,51611|42 61,415000
51611,42 62,4,2020,14740.82,51611|42 62,415000
51611,42 63,4,2020,45450.52,51611|42 63,415000
51611,42 64,4,2020,6555.78,51611|42 64,415000
51611,42 65,4,2020,4599.2,51611|42 65,415000
51611,42 67,4,2020,2219.52,51611|42 67,415000
51611,42 68,4,2020,1797.74,51611|42 68,415000
51611,42 78,4,2020,683.33,51611|42 78,415000
51611,42 82,4,2020,22201.72,51611|42 82,415000
51611,42 83,4,2020,4173.18,51611|42 83,415000
51611,42 84,4,2020,40344.6,51611|42 84,415000
51611,42 92,4,2020,101126.33,51611|42 92,415000
51611,42 94,4,2020,10288.77,51611|42 94,415000
51611,43 92,4,2020,111736.96,51611|43 92,415000
51611,44 21,4,2020,12141.72,51611|44 21,415000
51611,44 23,4,2020,1004.03,51611|44 23,415000
51611,44 24,4,2020,3660.03,51611|44 24,415000
51611,44 25,4,2020,9152.99,51611|44 25,415000
51611,44 26,4,2020,5743.97,51611|44 26,415000
51611,44 27,4,2020,4459.75,51611|44 27,415000
51611,44 28,4,2020,10845.83,51611|44 28,415000
51611,44 29,4,2020,11365.34,51611|44 29,415000
51611,44 92,4,2020,64409.67,51611|44 92,415000
51613,42 92,4,2020,908,51613|42 92,415000
51613,42 94,4,2020,5879,51613|42 94,415000
51613,43 92,4,2020,6500,51613|43 92,415000
51613,44 92,4,2020,690,51613|44 92,415000
51614,12 92,4,2020,38218.18,51614|12 92,415000
51614,12 95,4,2020,-318,51614|12 95,415000
51614,15 92,4,2020,4177,51614|15 92,415000
51614,42 92,4,2020,2000,51614|42 92,415000
51614,43 92,4,2020,9382,51614|43 92,415000
51614,44 92,4,2020,-4373,51614|44 92,415000
51615,12 30,4,2020,7300.79,51615|12 30,415000
51615,12 31,4,2020,11593.04,51615|12 31,415000
51615,12 3Z,4,2020,5808.87,51615|12 3Z,415000
51615,12 40,4,2020,557.3,51615|12 40,415000
51615,12 92,4,2020,28650,51615|12 92,415000
51615,14 30,4,2020,20750,51615|14 30,415000
51615,14 31,4,2020,4150,51615|14 31,415000
51615,14 35,4,2020,4150,51615|14 35,415000
51615,14 3S,4,2020,4150,51615|14 3S,415000
51615,14 3Z,4,2020,4150,51615|14 3Z,415000
51615,14 40,4,2020,4150,51615|14 40,415000
51615,15 92,4,2020,15800,51615|15 92,415000
51615,42 61,4,2020,10087.16,51615|42 61,415000
51615,42 62,4,2020,16803.93,51615|42 62,415000
51615,42 63,4,2020,39855.41,51615|42 63,415000
51615,42 64,4,2020,4390.7,51615|42 64,415000
51615,42 65,4,2020,5238.3,51615|42 65,415000
51615,42 67,4,2020,2535.15,51615|42 67,415000
51615,42 68,4,2020,2049.35,51615|42 68,415000
51615,42 78,4,2020,1515.61,51615|42 78,415000
51615,42 82,4,2020,157069.76,51615|42 82,415000
51615,42 83,4,2020,25848.71,51615|42 83,415000
51615,42 84,4,2020,293639.92,51615|42 84,415000
51615,42 92,4,2020,30110,51615|42 92,415000
51615,42 94,4,2020,19000,51615|42 94,415000
51615,43 92,4,2020,138675,51615|43 92,415000
51615,44 92,4,2020,34000,51615|44 92,415000
51616,15 92,4,2020,2000,51616|15 92,415000
51617,14 92,4,2020,48.67,51617|14 92,415000
51617,42 82,4,2020,13927,51617|42 82,415000
51617,42 83,4,2020,3525,51617|42 83,415000
51617,42 84,4,2020,13848,51617|42 84,415000
51617,42 92,4,2020,3726.67,51617|42 92,415000
51617,43 92,4,2020,3516.67,51617|43 92,415000
51617,44 28,4,2020,5417,51617|44 28,415000
51617,44 29,4,2020,5417,51617|44 29,415000
51617,44 92,4,2020,3726.66,51617|44 92,415000
51698,43 11,4,2020,-780390.96,51698|43 11,415000
51699,12 92,4,2020,339187.22,51699|12 92,415000
51699,12 95,4,2020,-660539.87,51699|12 95,415000
51699,14 92,4,2020,237794.35,51699|14 92,415000
51699,15 92,4,2020,83558.3,51699|15 92,415000
51699,42 92,4,2020,121573.56,51699|42 92,415000
51699,42 94,4,2020,-805656.44,51699|42 94,415000
51699,43 92,4,2020,97242.73,51699|43 92,415000
51699,44 92,4,2020,586840.15,51699|44 92,415000
51999,11 11,4,2020,-7746272.7,51999|11 11,415000
51999,11 12,4,2020,-11456834.07,51999|11 12,415000
51999,11 13,4,2020,-10375433.34,51999|11 13,415000
51999,11 14,4,2020,-1749.24,51999|11 14,415000
51999,11 17,4,2020,-5586924.26,51999|11 17,415000
51999,11 18,4,2020,-2912972.33,51999|11 18,415000
51999,12 30,4,2020,-6349946.65,51999|12 30,415000
51999,12 31,4,2020,-17662694.12,51999|12 31,415000
51999,12 35,4,2020,-1029994.78,51999|12 35,415000
51999,12 3A,4,2020,-318286.23,51999|12 3A,415000
51999,12 3B,4,2020,-31632.45,51999|12 3B,415000
51999,12 3Z,4,2020,-7001371.81,51999|12 3Z,415000
51999,12 40,4,2020,-1915236.7,51999|12 40,415000
51999,12 41,4,2020,-2115.36,51999|12 41,415000
51999,12 43,4,2020,-27185.26,51999|12 43,415000
51999,12 51,4,2020,-1791.13,51999|12 51,415000
51999,14 30,4,2020,-5491142.23,51999|14 30,415000
51999,14 31,4,2020,-1892106.04,51999|14 31,415000
51999,14 35,4,2020,-1576167,51999|14 35,415000
51999,14 3N,4,2020,-5262754.49,51999|14 3N,415000
51999,14 3S,4,2020,-1302648.25,51999|14 3S,415000
51999,14 3Z,4,2020,-2533488,51999|14 3Z,415000
51999,14 40,4,2020,-891554.16,51999|14 40,415000
51999,15 3G,4,2020,-1839376.16,51999|15 3G,415000
51999,15 3H,4,2020,-3573398.45,51999|15 3H,415000
51999,15 3I,4,2020,-46423.06,51999|15 3I,415000
51999,42 61,4,2020,-3943413.37,51999|42 61,415000
51999,42 62,4,2020,-2774364.53,51999|42 62,415000
51999,42 63,4,2020,-12445789.73,51999|42 63,415000
51999,42 64,4,2020,-1245562.06,51999|42 64,415000
51999,42 65,4,2020,-1329107.2,51999|42 65,415000
51999,42 66,4,2020,-358,51999|42 66,415000
51999,42 67,4,2020,-1818164.11,51999|42 67,415000
51999,42 68,4,2020,-325586.85,51999|42 68,415000
51999,42 78,4,2020,-237894.77,51999|42 78,415000
51999,42 79,4,2020,-32682.76,51999|42 79,415000
51999,42 80,4,2020,-19802.11,51999|42 80,415000
51999,42 82,4,2020,-6613618.79,51999|42 82,415000
51999,42 83,4,2020,-3508774.69,51999|42 83,415000
51999,42 84,4,2020,-17758124.18,51999|42 84,415000
51999,43 11,4,2020,-21502084.49,51999|43 11,415000
51999,44 21,4,2020,-1256675.46,51999|44 21,415000
51999,44 22,4,2020,-44473.72,51999|44 22,415000
51999,44 23,4,2020,-2113243.83,51999|44 23,415000
51999,44 24,4,2020,-6779168.5,51999|44 24,415000
51999,44 25,4,2020,-17218427.35,51999|44 25,415000
51999,44 26,4,2020,-13517952.53,51999|44 26,415000
51999,44 27,4,2020,-10523377.86,51999|44 27,415000
51999,44 28,4,2020,-37053734.93,51999|44 28,415000
51999,44 29,4,2020,-35113719.47,51999|44 29,415000
52100,11 11,4,2020,1259120,52100|11 11,615000
52100,11 12,4,2020,2027240,52100|11 12,615000
52100,11 13,4,2020,1732670,52100|11 13,615000
52100,11 17,4,2020,551680,52100|11 17,615000
52100,11 18,4,2020,217050,52100|11 18,615000
52100,12 30,4,2020,2134940,52100|12 30,615000
52100,12 31,4,2020,3404620,52100|12 31,615000
52100,12 35,4,2020,140440,52100|12 35,615000
52100,12 3Z,4,2020,1521350,52100|12 3Z,615000
52100,12 40,4,2020,294550,52100|12 40,615000
52100,14 30,4,2020,1521070,52100|14 30,615000
52100,14 31,4,2020,676290,52100|14 31,615000
52100,14 35,4,2020,173690,52100|14 35,615000
52100,14 3N,4,2020,280320,52100|14 3N,615000
52100,14 3S,4,2020,198070,52100|14 3S,615000
52100,14 3Z,4,2020,859560,52100|14 3Z,615000
52100,14 40,4,2020,208050,52100|14 40,615000
52100,15 3G,4,2020,965490,52100|15 3G,615000
52100,15 3H,4,2020,927590,52100|15 3H,615000
52100,15 3I,4,2020,33670,52100|15 3I,615000
52100,42 61,4,2020,720000,52100|42 61,615000
52100,42 62,4,2020,1214000,52100|42 62,615000
52100,42 63,4,2020,2218000,52100|42 63,615000
52100,42 64,4,2020,323000,52100|42 64,615000
52100,42 65,4,2020,374000,52100|42 65,615000
52100,42 67,4,2020,218000,52100|42 67,615000
52100,42 68,4,2020,68000,52100|42 68,615000
52100,42 78,4,2020,29000,52100|42 78,615000
52100,42 82,4,2020,899000,52100|42 82,615000
52100,42 83,4,2020,373000,52100|42 83,615000
52100,42 84,4,2020,2717000,52100|42 84,615000
52100,43 11,4,2020,4822100,52100|43 11,615000
52100,44 24,4,2020,706000,52100|44 24,615000
52100,44 25,4,2020,2154000,52100|44 25,615000
52100,44 26,4,2020,1586000,52100|44 26,615000
52100,44 27,4,2020,750000,52100|44 27,615000
52100,44 28,4,2020,4837000,52100|44 28,615000
52100,44 29,4,2020,2517000,52100|44 29,615000
52100,99 91,4,2020,-45652560,52100|99 91,615000
52101,99 91,4,2020,15067217.34,52101|99 91,611000
52107,99 91,4,2020,2824361,52107|99 91,611000
52108,99 91,4,2020,714612,52108|99 91,611000
52109,99 91,4,2020,6982074,52109|99 91,611000
52110,99 91,4,2020,2469521,52110|99 91,611000
52111,99 91,4,2020,888829,52111|99 91,611000
52112,99 91,4,2020,132069,52112|99 91,611000
52113,99 91,4,2020,10900,52113|99 91,611000
52114,99 91,4,2020,2198341,52114|99 91,611000
52201,99 91,4,2020,27250.27,52201|99 91,614000
52202,99 91,4,2020,541449.28,52202|99 91,614000
52299,99 91,4,2020,8371.86,52299|99 91,614000
52302,99 91,4,2020,31783,52302|99 91,614000
52307,99 91,4,2020,1090,52307|99 91,614000
52308,99 91,4,2020,281760.94,52308|99 91,614000
52309,99 91,4,2020,5702.58,52309|99 91,614000
52310,99 91,4,2020,537031.43,52310|99 91,614000
52314,99 91,4,2020,-11.49,52314|99 91,614000
52315,99 91,4,2020,239081.17,52315|99 91,614000
52399,99 91,4,2020,661971.14,52399|99 91,614000
52401,99 91,4,2020,67889.54,52401|99 91,614000
52402,99 91,4,2020,30202.88,52402|99 91,614000
52403,99 91,4,2020,78839.38,52403|99 91,614000
52404,99 91,4,2020,27070.2,52404|99 91,614000
52405,99 91,4,2020,7382.5,52405|99 91,614000
52409,99 91,4,2020,66715.33,52409|99 91,614000
52501,99 91,4,2020,587429.69,52501|99 91,612000
52502,99 91,4,2020,1175175.51,52502|99 91,612000
52503,99 91,4,2020,536332.99,52503|99 91,612000
52504,42 63,4,2020,183333,52504|42 63,612000
52504,44 22,4,2020,32115.87,52504|44 22,612000
52504,44 23,4,2020,19777.61,52504|44 23,612000
52504,44 24,4,2020,13594.48,52504|44 24,612000
52504,44 26,4,2020,983329.44,52504|44 26,612000
52504,44 27,4,2020,7022.25,52504|44 27,612000
52504,44 28,4,2020,1808.2,52504|44 28,612000
52505,44 22,4,2020,32514.52,52505|44 22,612000
52505,44 24,4,2020,18081.86,52505|44 24,612000
52505,44 25,4,2020,16257.26,52505|44 25,612000
52505,44 26,4,2020,16626.78,52505|44 26,612000
52505,44 27,4,2020,18557.42,52505|44 27,612000
52505,99 91,4,2020,1294289.79,52505|99 91,612000
52506,99 91,4,2020,185097.39,52506|99 91,612000
52507,99 91,4,2020,568699.57,52507|99 91,612000
52508,99 91,4,2020,821859.17,52508|99 91,612000
52601,99 91,4,2020,307118.75,52601|99 91,614000
52602,99 91,4,2020,13071.81,52602|99 91,614000
52603,99 91,4,2020,3033.93,52603|99 91,614000
52604,99 91,4,2020,24374.42,52604|99 91,614000
52605,99 91,4,2020,104180,52605|99 91,614000
52606,99 91,4,2020,25100,52606|99 91,614000
52607,99 91,4,2020,105958.87,52607|99 91,614000
52608,99 91,4,2020,59331.3,52608|99 91,614000
52609,99 91,4,2020,38000,52609|99 91,614000
52610,99 91,4,2020,79483.29,52610|99 91,614000
52611,99 91,4,2020,131282.86,52611|99 91,614000
52613,99 91,4,2020,37618,52613|99 91,614000
52614,99 91,4,2020,115170.56,52614|99 91,614000
52617,99 91,4,2020,30320,52617|99 91,614000
52618,99 91,4,2020,71556.93,52618|99 91,614000
52619,99 91,4,2020,148469.78,52619|99 91,614000
52620,99 91,4,2020,430805,52620|99 91,614000
52621,99 91,4,2020,4014.42,52621|99 91,614000
52699,99 91,4,2020,20.86,52699|99 91,614000
52701,43 11,4,2020,57534.48,52701|43 11,613000
52703,11 18,4,2020,2473.91,52703|11 18,614000
52703,42 62,4,2020,710.25,52703|42 62,614000
52703,42 63,4,2020,7026.4,52703|42 63,614000
52703,42 64,4,2020,1318.19,52703|42 64,614000
52703,42 67,4,2020,1585.01,52703|42 67,614000
52703,42 78,4,2020,2515,52703|42 78,614000
52703,42 84,4,2020,18141.78,52703|42 84,614000
52703,44 21,4,2020,6711.94,52703|44 21,614000
52703,44 25,4,2020,30773.3,52703|44 25,614000
52704,11 11,4,2020,2400,52704|11 11,614000
52704,11 13,4,2020,-3089.76,52704|11 13,614000
52704,11 18,4,2020,74231.83,52704|11 18,614000
52704,14 31,4,2020,39046.44,52704|14 31,614000
52704,42 61,4,2020,20220.86,52704|42 61,614000
52704,42 62,4,2020,16402.42,52704|42 62,614000
52704,42 63,4,2020,533445.22,52704|42 63,614000
52704,42 64,4,2020,24342.06,52704|42 64,614000
52704,42 67,4,2020,14103.35,52704|42 67,614000
52704,42 68,4,2020,44537.85,52704|42 68,614000
52704,42 78,4,2020,90893.12,52704|42 78,614000
52704,42 82,4,2020,67798.15,52704|42 82,614000
52704,42 84,4,2020,850746.87,52704|42 84,614000
52704,43 11,4,2020,1520889.07,52704|43 11,614000
52704,44 21,4,2020,13942.5,52704|44 21,614000
52704,44 25,4,2020,444413.1,52704|44 25,614000
